Entry	Entry name	Status	Organism	Sequence	Length	Signal peptide
O30078	TTRA_ARCFU	reviewed	Archaeoglobus fulgidus (strain ATCC 49558 / VC-16 / DSM 4304 / JCM 9628 / NBRC 100126)	MQLSRRDFIKGLVAVGSASVFLAGYSETVDRLVKPRYTEVKPDSVGRIVHSACLGCNVRCGIRVNVVQRGGMEVVERISGNPYHVYNRYVSKEKQSRRYEPLPYNTPITEGLKYSGTLCARGEDGIHYLYDPYRIIVPLKRAGPRGSGKFKPITWEQLINEVVNGGVIEETGERLPGLKELFAYGILSEAGFDANAVLSEMKKDVDAIMEIAKDDTKSYGELTEAINNFKAKWSAKLGEKGLKLEDILIDPDRPDLGTKANQLVYMRGRGQGHADYFYQRWTYAFGSVNWLRHTSSCQLGYYAGNKIWSGYHDVQADPIGAKLLLMVGAQMGRLHPGATGQGLIVERAAEGELKVYYVNPTAPRTTANGNIVWVPIRPGTDAAFAMALLRVMFERGYYDAEFLSYANTDAARKAGYPLNTNASWLVIWEGDRKGEFLKGEDIGLGSDNPVVYAGSFVTNDSVEKAEIFFDGYVETKEGKRRVKSALQILKEECFSRSVEEWCEICGVDVAVIYEIAEEIRKAMPNCGTIVHRGAGMHTNGEYNVWALRCIDMLIGNIHRKGGLMTRASHTNYNKELYYVDKSKFGEPVRWGPPIDRHKVAYEDSLEYWMKKKRGENPYPAKRPWYPLTPEESYTEMFAGIAEEYPYPIKALIMYYANPVLSANFGVKFIEVLKDTSKLPLFIAITTSINETFLYADYIVPDTMYLETGTMGINYLYATSASVTLAEYWRSPAVMPMTQLVGTCPNGHPKYASMWEFLIDIALKLKMPGYGKGAVKGVGAYDGQKFDLYCAWEYIMYVFANAAMDAKKRGLIPETVSDEEVDFVEKNYPIARFKDIVPNEWRYVAYGLARGGVFTRYEDSFDERGYSKRKPWTDTVYFWSEKLAKARNSVTGEKFYGGPKYLPPATYAPLGTERRFYGTPLREIYPESQYPFLVVPPGSPLFTKHRSMFYYWLKQVMPENFAVINPEDAEKLGIESGDVIKIVTPTGELEVVAAVEPTVVKGTIAIPVGMGRWADSAVKKPAYFRLNDGSVAALVSELPDGASLPSDAVNPVKQLDETKKRILFTKSDRRYYDDLGIDSWRFSGVTPNVVACVDTSLDNWPLLSWIGAAQVYFFIPAKVEKTGKRKKFEMPNVWW	1134	SIGNAL 1..31;  /note="Tat-type signal";  /evidence="ECO:0000255"
O29751	HMEA_ARCFU	reviewed	Archaeoglobus fulgidus (strain ATCC 49558 / VC-16 / DSM 4304 / JCM 9628 / NBRC 100126)	MMSRRKFLLLTGAAAAGAILTPQISAKTQFIESPEEVREKRRWAMAVDVERCTQCMEELIAKTGDEKIKPPCVVACDKENNVPEFEEERFDPQWMRIAKLKLDKPEVNPKEYYIPLLCNHCEHPPCVQVCLTKASFKRPDGIVEIDMHRCIGCRYCMIACPYGARCFNFIDPREGLKEVNPNVQMRTEGVVEKCTFCVHRIDEAVKKGEEPIPACVEACHKYGKGALVFGNIKDPNSEISKILRENIVVQLRANLGTDPHVFYAKLGGE	269	SIGNAL 1..26;  /note="Tat-type signal";  /evidence="ECO:0000255|PROSITE-ProRule:PRU00648, ECO:0000269|PubMed:11952791"
O30142	WTPA_ARCFU	reviewed	Archaeoglobus fulgidus (strain ATCC 49558 / VC-16 / DSM 4304 / JCM 9628 / NBRC 100126)	MHIGGGVVKIRILILLMLALFLLGCSSNVNTNVKLKVFHAGSLTEPMKAFKRAFEEKHPNVEVQTEAAGSAATIRKVTELGRKADVIATADYTLIQKMMYPEFANWTIMFAKNQIVLAYRNDSRYADEINSQNWYEILKRPDVRFGFSNPNDDPCGYRSLMAIQLAELYYNDPTIFDELVAKNSNLRFSEDNGSYVLRMPSSERIEINKSKIMIRSMEMELIHLVESGELDYFFIYKSVAKQHGFNFVELPVEIDLSSPDYAELYSKVKVVLANGKEVTGKPIVYGITIPKNAENRELAVEFVKLVISEEGQEILRELGQEPLVPPRADTAVPSLKAMVEVS	342	SIGNAL 1..24;  /evidence="ECO:0000255"
O30080	TTRB_ARCFU	reviewed	Archaeoglobus fulgidus (strain ATCC 49558 / VC-16 / DSM 4304 / JCM 9628 / NBRC 100126)	MLISKTLIFYQVVNIVSQKGSGKRRWKMENGDRYVYVVDVSKCYGCLSCVAACAAENNVPVGYFRTWVERYAMNGRVAFVPKICNHCDNPSCVHACPVNATYKTEEGLVLIDDEICIGCGACIQACPYGARFRNPVKGTADKCTLCNHRIPERLPACVESCPTSARVYGKMSDKAVKEILSKKNAVVLKAYTGNEPHTYYVSLTGVE	207	SIGNAL 1..28;  /evidence="ECO:0000255"
O29031	Y1237_ARCFU	reviewed	Archaeoglobus fulgidus (strain ATCC 49558 / VC-16 / DSM 4304 / JCM 9628 / NBRC 100126)	MRAINKFLITVCIALLASVAVALGDGEETGEAEEFKVIDHSKVWEEKGITKYEGSKTCIQCHEDKVRQFFHSYHYQLFSENEGINGKTMIFGGKMAFNDYCMAMFVNNGTKVVNWIGYITLKKAPEGYEDLVGSFTGLTGCSMCHGVGMGLPPSPQESEEQLGNIDCLACHAKPDVYVSGVLGIKLGLKNVTKDDQGRWRYVINVPTEELAKSIINRPQSKNCLACHAFSGGGPHLKRPNIAPDLLNPELAAEFDVHFKAGLGCTDCHSGENHEFGTNSVDTWSREGEGAEVQQLPH	297	SIGNAL 1..24;  /evidence="ECO:0000255"
O29316	Y946_ARCFU	reviewed	Archaeoglobus fulgidus (strain ATCC 49558 / VC-16 / DSM 4304 / JCM 9628 / NBRC 100126)	MKRVGLIGVIMAALLVISATPVMAGVSVKVSVNTTYPGELTVENFNLTPTYGRVPLTINITDVYLKNTNLTTPLSGTVYLYVNGQIKNNYYCSVTQTNNTTSWMSCGIEYTITDTSQTNISVGNKTDYLQNVTLTLWTTQLPESYVPQIPTLDLKDDGPISVDVLKIPSLKLSDDQVNVGETVTIEANWNYYAKEDGTRRIAVVSWADYRNIRSGATIDVATLLDKSKMTISLPEDGGSNSWDFTPTEPGYYVVVAFVDDTNFSDVLVFRATPTAAEKPTVSISVSKSVVALGDYIKVGASMSTDQAVKPIAVFITGANQTEVLCSYPEPGASTVGAWTVKEACGDDEWWIQIKDRPEGVYVAKIDVGEGELRAEATAVFQVVKPKILSLDVPSQHVKGQDLVITGTTNLAKSGTEDDSGSNAAENKAYLVIKDLSGKEVFNDTLSNQVYDSTGGKVKSNAVSLIDSDGSFKFKIDYFGKYFATETGFYIAEVKIQSDSLGEYTDTETATFEVVKPELKLIADKTTVTRGDTVTFTIDTNLKINSEVKFKIDDLAFCSGDPDCDVKEKTYYVDALGDVVIKLDVNTEAPLTDYKFTAEIPGLGISTDIRVSVVKQTLDISVDRTTVPRGGDIRVTGSSTADGVYIYASDSGVFTVGDTPVPDVDLKTKGSKINTTDVPYMEPDDNDNIDFQISVNVTGVETGTYYLYFYAPANISVVDKASDPQKIIAVTVTDPQIVEVTAPSKVPYQSKFEVSVLTDPGDRDNVEVRLVLSGPNVRDTTVADWASVDTNNYFNKTVDLRDIAKNKLNLDALEPGLYVLTAELRFKQSLGGEKVDSEDKLIEILGLTFEVDVNTPVVIGDEIVVNITTDRLEAGYDKIFVTLVGTNYKVTQVATLNSEGKATVTFETYGMSAGTYKVYVRDTMDTCSETDQYTWVDEHYMLDPASELAPMYKADDDVLVIKTIELLETAPTTTTVVTTTTAVTTTTVATTTTAVETTTTEAVTTTTEAQQGGGVPGFEAVFAIAGLLAVAYLLRRK	1036	SIGNAL 1..24;  /evidence="ECO:0000255"
O29600	Y657_ARCFU	reviewed	Archaeoglobus fulgidus (strain ATCC 49558 / VC-16 / DSM 4304 / JCM 9628 / NBRC 100126)	MSSSNLSSRKTRISAHFLDAAPAEDEIVTVEGWLTYYDEEKKSWIPLERAQVTIYVDGREVGKAETNEYGMFTFAFPAPYKGRHKLEVRFKGKAGYESSSKSLDFQVMEREQKLKLGRLARDVLLLIIALVFLLFVAIFITNMLR	145	SIGNAL 1..23;  /evidence="ECO:0000255"
O28166	Y2114_ARCFU	reviewed	Archaeoglobus fulgidus (strain ATCC 49558 / VC-16 / DSM 4304 / JCM 9628 / NBRC 100126)	MRKLTLLPLLLIITGLLTVQAAELHFQVFIKGYNGTAELGIFGENLSKVETVKNGSIISLPAGNYTLTLFALNKTFVKDLRLDSNKTVTFNLLFTNRTENLSMMRHAIVQPSLEVFEIVLITNSGGENFEGDLAIPLPEHTGLKISDSSLSFLDFSDLNGNLTLKKLIVPANSTGEVSITYRLVKPKLSLSGAENQTVLIFTTLPVTNQSNAAYRGVQQFKGVDYSVYQCKTKCVLEFKVEPEIKIDKTSAFVILTASALIFIYLFTKRGGWEK	274	SIGNAL 1..21;  /evidence="ECO:0000255"
O29043	Y1225_ARCFU	reviewed	Archaeoglobus fulgidus (strain ATCC 49558 / VC-16 / DSM 4304 / JCM 9628 / NBRC 100126)	MIPLVALLVLLTLQASPGDIVSVNVTDTATLTVGDSCMYFVDNLQPSINATPGEYEVKIGINCTPGLKEVYADGSVLAQIDVNETTIDYQAYAASLEKENLALQKEVESLKEKLKISQEQIETLKSQLEDLQNKAKMLGIQNELQKQQIEELQKKLERAKTELQKKKSDLDELEEKIRELNRQSSIYRLATFFMVSLFVGSFVALVFVARKE	212	SIGNAL 1..18;  /evidence="ECO:0000255"
O29793	Y456_ARCFU	reviewed	Archaeoglobus fulgidus (strain ATCC 49558 / VC-16 / DSM 4304 / JCM 9628 / NBRC 100126)	MEEAEKAKRRSIELLNETRNCAYSSFVALAEALNISLNEDMKNMAIGFAGGISGSGHICGALWGSIAAASLYTMKMMGDRRKIQNPLERYMPVYAKCAGIYRKFVELNGSPNCGDLNPNLDLVSVEQRRKCMEIVSRAVEITLSSLKDQKT	151	SIGNAL 1..32;  /evidence="ECO:0000255"
O29710	Y540_ARCFU	reviewed	Archaeoglobus fulgidus (strain ATCC 49558 / VC-16 / DSM 4304 / JCM 9628 / NBRC 100126)	MILLLLALISATTAFQGDVVNLTLNEQATVTLDECMYFLDTLQNSSTLPPGEYGIKITHSCLGNEQIEIRTNTTTDVITIKVEKDPNPEESLVEAENEVLSLRKEVQRLEGEVSYYKKLFEVLNKINVDLYDKLQNLATENDELKRELELYKSKAGNYSQLIDELRLELSKMNETVRQLQATNEDLQANLTKIDAELSRASANLELFQTLFFVTLSFLVGSAFALMRR	228	SIGNAL 1..16;  /evidence="ECO:0000255"
O29210	Y1052_ARCFU	reviewed	Archaeoglobus fulgidus (strain ATCC 49558 / VC-16 / DSM 4304 / JCM 9628 / NBRC 100126)	MAREVISTSILMIATVVAVTAAIMVILPAVKDLAHSYTSVSGNLNEKVETDIEIIFVKVTGDATKVNVYFWVKNTGSTRLDADLVRMSDIFFTSSTTYLHFTGSDTGVTFTIENGDGDEYWERGETLKVAVENIDANQMPQDEYLLTFVLYNGVRANDYFSW	162	SIGNAL 1..34;  /evidence="ECO:0000255"
O29721	Y529_ARCFU	reviewed	Archaeoglobus fulgidus (strain ATCC 49558 / VC-16 / DSM 4304 / JCM 9628 / NBRC 100126)	MMMTDLPENIRKTAVALLRLGEATAEDIAKITGRKRSTESYYLNLMADLKLVKKKKVGRKIYFIFNSRDQEKRQ	74	SIGNAL 1..25;  /evidence="ECO:0000255"
O28256	Y2023_ARCFU	reviewed	Archaeoglobus fulgidus (strain ATCC 49558 / VC-16 / DSM 4304 / JCM 9628 / NBRC 100126)	MRSSPRLRNFSIGRVGLNINGDLSEKEIEERVRIAERAGVRVIWIGEFEGFQDPFSVAETVSSRSQMWVGFGVLSAQKGCERIIAEVEELRKRHGDRFIVGIGAGSYQSPKEGYRKMRRCVEFLRNAEFPVVVGASSPGTASLSKEVDGVLFNSVKEEFISWLLRFTNTAFKAAYGPALILPSSNEEDLLLAAAIVFTGSKRLIAEFRFEEVAKELSKVDIMSLVRARWEGRSIAGEEGAEILFRHREFLLQNFTISGDVGEVRRRIKSLLNICDHVVLADPFFRDVDSVRRLKEVVV	298	SIGNAL 1..26;  /evidence="ECO:0000255"
O30188	Y048_ARCFU	reviewed	Archaeoglobus fulgidus (strain ATCC 49558 / VC-16 / DSM 4304 / JCM 9628 / NBRC 100126)	MRVIIVIMMVVFVVVGTSSGQEIILTSEKLINSAYQLQEIHEKVGIQSDIVTVEQIWDSYSPVEDPLVSGYSTEQVYDSYNYTLALKIISFLRTVNASYVTILGDADIVPPSYYAKLIFYEPFPTDFFYASPDYDLKPDFAVGRIPAGSEDEAEKVLGKINDWLSDIGSGNYVNAALIGMRIYAAPYSIERETIDDYEVWQGETAVKLLEDLGFTETFNTTIALQSDEEWTSVKQTFDEALSGGYGVVFHVGHGIPYALDSDDGGMYTTRYMNMLDKRRPLLPVVLSSGCSAAAFDEEIRDIYLPNWAPGLWSEFLLTNDAGGIAFVGFTGTTGSDYQFSESDGFVEVAGVKHADNILIKTLKNLPGNRLGDAFKAALEEVKSEENIKLNPSTEVEEWKLRVYLEAETKFLET	413	SIGNAL 1..20;  /evidence="ECO:0000255"
O28918	Y1353_ARCFU	reviewed	Archaeoglobus fulgidus (strain ATCC 49558 / VC-16 / DSM 4304 / JCM 9628 / NBRC 100126)	MHLTIMRRFAVLLLLAIFLGGCSGSNGAAEEKWKMKVIWHVDTSGEPFMDLSPDGELAAAVDWNNAKIYLVKPDGESVVFDIQGQDAVKPVVSGVALKDGVAYVLGSYEDFVGIRKYSWNGEVGEERHGWAGSVSDNILRSPSGNHLCYLITIDAGKQELYCDGVKMTLGGDYYFLNSVSDSGVVVISSGDGTHVFKEGNEVLSFNTSNVVAYKDRVLVNEEDFLRVYDLSGNLVGEKEGYTFSLTTLLRWTLLPTERYIFRYEPLEDTHVITWDIKQVETLPGFPQFANDHFVVTSKNGVLHCYSLKDFHEVFSVEMPEDDGLIKLSDDGRVMLVSGENGGYWLYVSSENNF	353	SIGNAL 1..28;  /evidence="ECO:0000255|PROSITE-ProRule:PRU00303"
O29441	Y817_ARCFU	reviewed	Archaeoglobus fulgidus (strain ATCC 49558 / VC-16 / DSM 4304 / JCM 9628 / NBRC 100126)	MKKLIAIIAVAAVVIAGFVFTANQPEQAEEVASLKTFSSPDEFREYLAKSAEISAFYPVVYTARAEVMVDSSKGAPLGEATPTAIPAVTTTPERYSETNVQVKGIDEPDIVKTDGVNIYYSPFPFIVYIRYPEKYYIDTTKVIRAFPPSNLSITGEIKESGNLLLHENVLMILNSEGIYAYNTETQKEVWSAEFNGSYVDARLYGGKLYVVTRSWLNFGEPCPIRPLTVNGKSVEIACSRIYHPTIPVTVDTTYTVVKLDAKTGEVENSVSFVGSSGMSVVYMSKNAIYVTYNSYADPAKLTYQFISENPDLVPDWIREKIEKLMDYDISSRAKQVEIMYLLEQLRASMSEDERLKFENEYYNRWENFTKKHAREIEKTHIAKFSLQLEAEGMNSVPGRLLNRFSLDEYNGYLRVATTVDWDENDLYVLDEKLEVVGKIQGFGLDERIYAVRFDGDVGFIVTFRQTDPFFVLDLSNPENPKIVGELKIPGFSSYLHRIDENTVLGVGREEGNVKLSLFDISDLTSPKEKNRYILQEYWSEVLSNHHAFLLDSQHGIFFLPAGQNGYIFSYKDGLKLIKAVKGNAVRAIYIDDYLYIIGPEEISVYDENSWEKVGELKLQ	619	SIGNAL 1..21;  /evidence="ECO:0000255"
O28614	Y1659_ARCFU	reviewed	Archaeoglobus fulgidus (strain ATCC 49558 / VC-16 / DSM 4304 / JCM 9628 / NBRC 100126)	MKTAAAFVFIAAIAMATLSTYAYFADVEETGENYFEAGTMDIGLTNDIPGHVALDIYDWKPGEPGEDGKLRIWNWGENKGDHLEINFSFEYYEDDNGNATDGFVAGPESDSDVSQSPIIGVPYATGHLGANGMGAYIKLHHLHFKWYTNNALVRDDKIIDNYQPTATGLAAPYNLVDANSNGYMDLEDLAMTGFDNIPPPEIDNDGWYNGTDSYLELAMYIDFSTDAGNKYQGDITFFDIIVKLEQVASE	250	SIGNAL 1..24;  /evidence="ECO:0000255"
O29211	Y1051_ARCFU	reviewed	Archaeoglobus fulgidus (strain ATCC 49558 / VC-16 / DSM 4304 / JCM 9628 / NBRC 100126)	MVMAMGFDTVVAAIMATAIIVAVAYTFLAGSTSIAELSVESYKDAVNSAVKKLRSDIEILSVSYDNSTSKIVAYFKNTGDERYPDFSEFDAIVYGRTSGGEMVSFYVNSTVFSITNELINPGIFDPQEVAKLEAVQPLQNGTYVLLICTPNAVCDSADFSV	161	SIGNAL 1..35;  /evidence="ECO:0000255"
O28648	Y1625_ARCFU	reviewed	Archaeoglobus fulgidus (strain ATCC 49558 / VC-16 / DSM 4304 / JCM 9628 / NBRC 100126)	MDSKAVSPLIGFVLMLAIIMGLIGIMQAQWVPVWNKEVEAEHLSKLEFEASEIPKIMFISATTGKQGVASIDAGCEYPNRGFLINPSTASTSLKAIPLSVDVKFNETLPNGSLFRYSNKFTTYAIIVQPNYFYMQKPEIIVEHSAVIKTSGNSALNVSSPVSFSRNKVHLFIVNSTFSSISTPNTLNLQFIPVSYGGDTFVKNASITLKVLDETFDWWNKTLKNIFGAGNVTADGSRKEMTFRLFNTTLSMSYLIVQASIGERAKLNERIEPYRIFATSSNTLSMLKGEQRELNVKVLDIYNNPVRGYSRVSYSVVSGGDKCRIVSASPQTDEKGVFTVTVEAVNSGNCDVEFRIDSINSGFNKTKFSITVIPVSSGGLGGQGYLSFTPASRGLVEIYHGPVNGFIDPTKPPAESPRDLITDPNWEPYALEDKELAAYNDGSWDWWSGEYVPTSGYLEKTQNNAQSKQNSQKNHASQLFEFNVGDVQMSSLKVFWNGIAWLDVQNNRNDGVVLYVWNGTGWEYLCDTTSSSEVWLQCEKRGNYIQNKKVYLLIVQNDWTQTWKGNRDSQIYTDYIELDILT	581	SIGNAL 1..28;  /evidence="ECO:0000255"
O28657	Y1616_ARCFU	reviewed	Archaeoglobus fulgidus (strain ATCC 49558 / VC-16 / DSM 4304 / JCM 9628 / NBRC 100126)	MVKLSFTLRFGDVWVAENEEIVAKGHSLDELDRNLELELRKAGYKGRVEIFMKFDYSTIPEWMRQFHPHYFNRTVVFDLD	80	SIGNAL 1..15;  /evidence="ECO:0000255"
O28202	Y2077_ARCFU	reviewed	Archaeoglobus fulgidus (strain ATCC 49558 / VC-16 / DSM 4304 / JCM 9628 / NBRC 100126)	MKKLLIILAATLVLVLGSSGNFREYYGARGVAVNIADNNSSYIGFECPEMTLYLANGDSTGVISVKNNLGEDVELYFSTPNDILTFSNPTFLYAGEEKLVEAEFRGSQGEYTIPIDIEAFWDNGSAKIPACSVKVVDPAVRMSKVLLSGNTTVPLFTREVWKFRILVESDAGDNYTILDTIPAEFEVLSIAASDGSFATHHPGAGRSCTTKIVWDVYVEGTEFMDVTIATKHNPAGKQEFTSPGSYNLNDGAEIKGLGIVSNPIIVKAVR	270	SIGNAL 1..23;  /evidence="ECO:0000255"
O28598	Y1675_ARCFU	reviewed	Archaeoglobus fulgidus (strain ATCC 49558 / VC-16 / DSM 4304 / JCM 9628 / NBRC 100126)	MKAIYALLAVVALALVAVSLFSQSDSMEGWYSYQEGKKLSEEQKKEMFVFIGTSECGVCKRFKEFFRSNQSAMEFIRKNYIPVYVDAMREKTPVRVTFVPVFCTGFDGNLSCFSTAFPEELMMLLEK	127	SIGNAL 1..26;  /evidence="ECO:0000255"
O29146	Y1119_ARCFU	reviewed	Archaeoglobus fulgidus (strain ATCC 49558 / VC-16 / DSM 4304 / JCM 9628 / NBRC 100126)	MRLRWQTIVLLLLILGGASASAVYFSMKGNIDVIEDAISVSPASFSIDIAKGAHYVKEVKVKNSGGEAEIYFEDIVEGPDKSAIDVSFHTESGESISSSNKLRLPAGTADSPSETVIHVHIDVDDDAPTGSYAIYIHAKQ	140	SIGNAL 1..22;  /evidence="ECO:0000255"
O28332	Y1947_ARCFU	reviewed	Archaeoglobus fulgidus (strain ATCC 49558 / VC-16 / DSM 4304 / JCM 9628 / NBRC 100126)	MRRVLLCFLTLILLLPAASALRNPSAVYCEAMGYNYVIFSSPYGDVGKCVLPNGEAVNAWDFYRGVVALEYSYCAKQGYEAKHVEREDCKSCLVCVLPDGREVEVAELMGLSFEETTCGDGVCGIPENYSSCPQDCSSGEEDGYCDAVKDGICDPDCTKGEDADCAENLEGGATTVTATTITPSEVKRTPGFEALEVLAALALVLAVSRRRI	212	SIGNAL 1..20;  /evidence="ECO:0000255"
O28612	Y1661_ARCFU	reviewed	Archaeoglobus fulgidus (strain ATCC 49558 / VC-16 / DSM 4304 / JCM 9628 / NBRC 100126)	MKKVWYSLLVVGLIGIGLGAGTLAYFSDTEMAPGTFTAGSLDLKVDLNSTYWKWDGQVYHHNFSEKDLNASVDYFWQLDDVKPGDSGEMTVSLHLYNNPGYLWFAVDVTEDDDNGLTEPEQEAGDTTDGAWYGELDEYIHVMIWRDDDCDNKYDFYDGCPFGCRDTFVDGNGDGSEQLLWSGYLKDISDANFNLSQYLPGGYMEACQTYCFGIYWEWTPTDTDNMAQSDSWGATLKFAVTQLNDDSNPFE	250	SIGNAL 1..26;  /evidence="ECO:0000255"
O29261	Y1001_ARCFU	reviewed	Archaeoglobus fulgidus (strain ATCC 49558 / VC-16 / DSM 4304 / JCM 9628 / NBRC 100126)	MRKFVAFFVIVALAALLAGCGGQGEQEQKPSEQKTTTTVAESKGIETLSDLYNSKKMVHGTAKVTLQGETTTVEFWYYFDMPNKETLLRYEGEQGGMGKMTAIIKNKYSGTTLTQTMYMKSEKMEAQGCDWIVITQTSTISQSESNIGDEPVEDAFKSTFASQGNVWEYEVETVDYNPSLFQPDGKVCQFSYGS	194	SIGNAL 1..24;  /evidence="ECO:0000255|PROSITE-ProRule:PRU00303"
O29937	Y307_ARCFU	reviewed	Archaeoglobus fulgidus (strain ATCC 49558 / VC-16 / DSM 4304 / JCM 9628 / NBRC 100126)	MNRVILFHFHFFKNAGSAVDYILEKNFGDRFVKKEFKLWPYYENIKEVIKWIENESDAVAFSSHTARLFDSTLLERRGIKIIPIIFVRHPIIRIHSAYHYERKQVDIFRPGPVIARNTDFKGYVEIRLAIPRQEFNVSNFHVFRLADMLHGEKNMKPLEKALIALKRLPFIGLVEEFEKSMTKLEETVREYFPEFKASVIRTNVQFSPDMPLEERLKIIKNEVGKDFYKKLMEINEEDMVLWEKVVDMYKEGF	253	SIGNAL 1..15;  /evidence="ECO:0000255"
O29831	Y416_ARCFU	reviewed	Archaeoglobus fulgidus (strain ATCC 49558 / VC-16 / DSM 4304 / JCM 9628 / NBRC 100126)	MVNVALLLDQIIATPLRSMVEAQQESANATVEFLTSLIDENGKPKGIELAYEQTVFDPERGL	62	SIGNAL 1..22;  /evidence="ECO:0000255"
O30316	Y2354_ARCFU	reviewed	Archaeoglobus fulgidus (strain ATCC 49558 / VC-16 / DSM 4304 / JCM 9628 / NBRC 100126)	MKVLSISLIFFALLLTGCSQVEKIAPDNFNKIFEEGKQFVENTQTEIEDIDIEQLIEKAKELGFNTEILTALYDELKRIHSIRKLSNCSNSMLLP	95	SIGNAL 1..21;  /evidence="ECO:0000255|PROSITE-ProRule:PRU00303"
O28161	Y2119_ARCFU	reviewed	Archaeoglobus fulgidus (strain ATCC 49558 / VC-16 / DSM 4304 / JCM 9628 / NBRC 100126)	MKSVKIIIILALALLIQISHIADAKTYTVNFSSIGGLEVTPDSPHPKAWHRDTRDLPSNPYYTSDRTPFTQADIDLIESPDSSGFSSGGQDTHHFYFSIPQNANVVVRWRGHAQEDGDYVTLYYWDGSSWQKLEETTSGSWTWISGSFTASCEAHILAVGHDGSLEYTHPTSDYVEIEVSVANPLPVSVVKAEGNPRNYDGFFDTDTITLYAKVVSNGNPVPDYPVKFYAEFDSQRIFLGGAWTNSSGIAKLSFIPKNVGLSDKLRVNFVAKIEDVMTNCNAYTTTTNRAILAENVAITPGSYDITLVGRMYYSGGADWVRVNWYVDENSVLKPYPIPVVQKFTGNRASVTIWKYGLDDYCTDPNCHREGIYGNFDDADWDGACIAVGSTTPMCGRDVGGACYGDPDGPLKGRHDCTYFSGYRVGPFVQMNIPDHALGFLAAMVIQLFGGGELDDFMRATHYDQHEGPYGVLVSNAGCGALNPSTEQALTHGALGLFADPKGGLGVVGFVGLIADNEHAIGIMMGHRYGIHPFTAIVTTVPNYPSDEAGWRNYMDTWLYYLLNNAVYIAKTTGEELAAWSLRYPTQSDVVNLNRAFNDFITDFLPYMHEVLWLVVNCGKTVNHPFIISTFVQFKDNFEIVHRIMLNSTLNNALGNLISEVLLQLPNVVGPPDASTGINYLLNHRQYLSYSEREIFGYRMLQLLDQLTEVVVTLLKEIPLMEQSSRDNPGWDFNWIAGCGEG	741	SIGNAL 1..22;  /evidence="ECO:0000255"
O30315	Y2355_ARCFU	reviewed	Archaeoglobus fulgidus (strain ATCC 49558 / VC-16 / DSM 4304 / JCM 9628 / NBRC 100126)	MVDFYFIEEKVAYRAAFTTTGKIAATLGLAKTQAVLGPKGYGLLLNEIQWMLRGEINEVWAGLLEALRNNSLI	73	SIGNAL 1..30;  /evidence="ECO:0000255"
O28286	Y1993_ARCFU	reviewed	Archaeoglobus fulgidus (strain ATCC 49558 / VC-16 / DSM 4304 / JCM 9628 / NBRC 100126)	MLKKLIMGFFLLILLGIAGVAVMNYYYEANYDKELVAYDEGVFNDRVHFTSELLGPGTYRIIAGGTGIVEDIEIIDRSGNVVAKHEDTTNLLYGSSNSFVVRVNYAPPNPGEEYEATIEIYRYVEK	126	SIGNAL 1..23;  /evidence="ECO:0000255"
O28705	Y1567_ARCFU	reviewed	Archaeoglobus fulgidus (strain ATCC 49558 / VC-16 / DSM 4304 / JCM 9628 / NBRC 100126)	MKKYLALAAIVAICALWLTQNSNFEAGKTFKLFDSGKTAILRPVIYYNLPNGSVIEVRDSNPFPFTIELASGGLGINAPSKSLEVYTYETYKKPEEIKVIAKSFGASLDKLYYNEITHAYLYNDEKLSFEYYPNTGYLRILFKNSSLEKASILNGLLNYSYQKIEKNGGVFYARNFDGLSSNVGLLVKSDEKGIRSIEGILLKSVKLKGKYELIPIDRIPEMLEKRVKGDLKADDWYLSNIAFTKLTLTNVSLMYTITPDGILPVYWFEGKYELDFEGIKDSGTVEGRIVAVSAN	295	SIGNAL 1..26;  /evidence="ECO:0000255"
O29500	Y758_ARCFU	reviewed	Archaeoglobus fulgidus (strain ATCC 49558 / VC-16 / DSM 4304 / JCM 9628 / NBRC 100126)	MSKAVSEILGYMYIFGIVMAVLAIVFVQVNTMTEDMKRSVMSQSLEQSFKKIQYIIHSVSFGEVPSQAVEIELQGGTLTLDKSDPEFIVAFVNYTETNPSNLPCGRVPNSVPLCINLSTGRLYTACTHTGYNFSACTLNHTIGKIVYRYKDWFLTLEAGSVFSKYSNQDYSKLLYEPRILYNATLSTPGKRFLVMTIPLLDGELSIGGSGRFRFVLNEGNSNVSLISVSNLGQDFNDAYVILRGTENKDAWCRFFERSGDVFNTTLDDTKTSYRRCSNSENAMASIKLSNVHEIIVIFRQVLFST	305	SIGNAL 1..29;  /evidence="ECO:0000255"
O28701	Y1571_ARCFU	reviewed	Archaeoglobus fulgidus (strain ATCC 49558 / VC-16 / DSM 4304 / JCM 9628 / NBRC 100126)	MQKKVLSLVLVLAVLESIVPVSAWGTITHVRMSSEAGNPYTGFKMEYLSGSIAPDAGYIISTEWGTKFHGYYVNDALNIANKMLSLAEGTDEKAFAKGWLAHLMQDRVAHGNGDGLPKDQAYGEGYSNYAAKKYGLTHIEAEFFVNGRVIHEKGWDWDFVRFAVPTELIVKTMRSLYGSAPNENDLNNAYNTFAMEYYGELAFWNSPSGNTAYLTLLLFGTVSDYDDYVSDVHCNPYEESIYLTNHPNARSTYAAGTYIMGVKKVKSSDGQIKKWMKEYAERLEKAGAIKVNRKFEDGWLVIEFRMVDKYKADRIAKEVLQDMARSEEIFQFINLKGDEK	340	SIGNAL 1..23;  /evidence="ECO:0000255"
O29350	Y912_ARCFU	reviewed	Archaeoglobus fulgidus (strain ATCC 49558 / VC-16 / DSM 4304 / JCM 9628 / NBRC 100126)	MRWLATFVALLIAISSVSAAEVHIFVDKESVNLGDQIRFQVYFEVNRSADIAVVGDGGDGALLCHVDEGEDLYEKCGEEWVFRIPEDWQEGTYRLKVVIDDTEPEEHSEEFKVVKPKIKEFELKNLVYQSRTELEVLVESANPASLKLRLYGNNVDLYYEETADYEEESNVYSAKFDLNLREVYERTRDIADAVKPGKYILDLKLEYGGKVWDSRRVTVSVVKPEVAVSAPEKVKVGEPVVVSIDTNRVGDTEYDGILVVLEGNNFLLYKKAYLDENGKAKVQFETAGLREGKYAIYVRDTSKTSTLSISDLAKNYYDLPPDNSFSRIIQAEDDVLVKKELWIVGNGKESVKVILQPSKAEIFNGTTMSFKVLLNQSVELSSFEFVIFVSGNSVKIESVTLPDGFRLLDKTLYPDYLKISAYTTNKTKTGFLAEVKVAAQSPGESRLLIKNAGVYNGLGEFVDVTTSQADVVVKESRKEGNTANVSITLKENATGAENVTNNSVTATTPPAKASQQTPAPATPPVSMNVGEIDFTKVFMFTAGFLATYSAGRIMMRKLSARGGKR	565	SIGNAL 1..19;  /evidence="ECO:0000255"
O28285	Y1994_ARCFU	reviewed	Archaeoglobus fulgidus (strain ATCC 49558 / VC-16 / DSM 4304 / JCM 9628 / NBRC 100126)	MKGGDKMKKLILLMLLLPISLIGCTDEESSVTVGHTTVYYTNVPDAKAEVLAGYLQEEFGFTSDTDILLSMSGNEYEVRIPSSYSSPSEVEESFKVYFALLASRVSEEVFFGSPVKLVLVTHQNDELFAVKNQYSFEKAGRVFVYFKGVDREQAFNLANYLESLVGENYDWDVIFEQSEGVYHVVPFVGINDASELTPEMENSYQSMATELEDVLGGDVVVHLVNFEGYEVAAFEG	236	SIGNAL 1..29;  /evidence="ECO:0000255|PROSITE-ProRule:PRU00303"
O29042	Y1226_ARCFU	reviewed	Archaeoglobus fulgidus (strain ATCC 49558 / VC-16 / DSM 4304 / JCM 9628 / NBRC 100126)	MVYEVLAVVSGGLLGFGVTWAYLNYALKEEKAKEEEVMRAKISNVTSSVEPKLETKMEKPPSDLSEFVDYLCNKYMLSDVTLLTPDGLPIASNSPTPEEDAAIAPELIKVGKGMLNSSRILLSGENTRVLVMQVNPDVLLHARVARDISKREIERIGEEVNMVLEGII	168	SIGNAL 1..21;  /evidence="ECO:0000255"
O28698	Y1574_ARCFU	reviewed	Archaeoglobus fulgidus (strain ATCC 49558 / VC-16 / DSM 4304 / JCM 9628 / NBRC 100126)	MSRKLLLALTFLVVLGIAVVVMAATYELFLLFNSWLEGKPLGIVKISVETPKADGICFIAVHRFFTPINPTKAWNQTDVIYRGKVKCGESVVVKDTIRLMQVGARDVNGEVMPIYDSPEYAVVVVSKSGGFNRIIQTDIVKPITEVKVKAEFESGESARPAEAPSTSRTCKISSNPDACVLDVKLAYINSIPGLKTAFGLEGVRPSAMHVEGWGSSCISSEPDTACPPSAWRSGGKKLTISNVGEISDYVSDGQRAIVWGGVEYLYERHAVWDDEFEAYWKYEFFYPRAIGGLSTPQVVGSYTPPPTPPSYAAGPQNGSCEINFEKPYPSDTKLNLTAQAVLNIGEVSLSISISPYQSGDDRHPTPYLSIVDISGKGYPWYYWWYKNNDRMTYEVEFYGS	400	SIGNAL 1..23;  /evidence="ECO:0000255"
O28433	Y1845_ARCFU	reviewed	Archaeoglobus fulgidus (strain ATCC 49558 / VC-16 / DSM 4304 / JCM 9628 / NBRC 100126)	MKFEFRTLVLISLAVVVVLSGCSQSPSSGGVPEYSGSKVYSAPTLYSQLIGVPTEGVSVKAYTVENANAKDILSWYKEKLSDYEIVNEMSVVQMTTPQGSAEWGAILFKKGDKGVGIWAMSGSGVEGGGAVYFIVEGPIDKLTGESGEAGGAGEQLPASDQASGEEPVKRYPGSVMLSYYKDTSNPLEVSIGIDYGTEDSAEKVAHWYKQELQAEGWVLESESSDDSSIDLAFSRGKEYIDIYIIEPYEGFLTRKLTSTTGRRGCHLTTWSVERSRWRGIPAQLCWNT	288	SIGNAL 1..27;  /evidence="ECO:0000255"
O28146	Y2134_ARCFU	reviewed	Archaeoglobus fulgidus (strain ATCC 49558 / VC-16 / DSM 4304 / JCM 9628 / NBRC 100126)	MLASVLILGAIAVGSAIPTIAELKVDRSLCRKSPMEEFYVFENGEWVKKEELADWWLCIDVDSIERSDYYSAAKKAIELQKLGRDSPYYGGEWIGC	96	SIGNAL 1..21;  /evidence="ECO:0000255"
O28617	Y1656_ARCFU	reviewed	Archaeoglobus fulgidus (strain ATCC 49558 / VC-16 / DSM 4304 / JCM 9628 / NBRC 100126)	MRKILLFATVIGFLIMVSGTLSYFYDVESQRSTFKSGHWASEIYPTVSFVKKESPVKIDFYGKPNEEYSYDVIFRIVDAPGIPKLSWDGDDFVQFSLRKNVNDWEVGMHLSPQTNGTYVGELTISYPSYPYKVVEIPVTITLEE	144	SIGNAL 1..23;  /evidence="ECO:0000255"
O30173	Y063_ARCFU	reviewed	Archaeoglobus fulgidus (strain ATCC 49558 / VC-16 / DSM 4304 / JCM 9628 / NBRC 100126)	MDVEVANMAAKLRVRGLKLPNAIVVSTAILSDSVLITKDRGIRYEGLEILTPEEFVEKYLM	61	SIGNAL 1..30;  /evidence="ECO:0000255"
O28160	Y2120_ARCFU	reviewed	Archaeoglobus fulgidus (strain ATCC 49558 / VC-16 / DSM 4304 / JCM 9628 / NBRC 100126)	MPLDVWIAFSYFIDFFQWLFMLNAEVMRAIAVNDTLAEKTAESIYYISGFLKYFSDVFRDTVNIVSANDTMMRYSVGIWQKVAGNATYVFGDDNANWGIAYIWRKSYECIQTGGYCQNQAPNLTYNALQFFKWMFAALAELGKKFSLIYT	150	SIGNAL 1..28;  /evidence="ECO:0000255"
O28697	Y1575_ARCFU	reviewed	Archaeoglobus fulgidus (strain ATCC 49558 / VC-16 / DSM 4304 / JCM 9628 / NBRC 100126)	MLKMNVKKALVILVALALVAAGIYLLKRPEEELRVNTDLENAKLSDFWSAVVKAANVQNETANLEWLRLKVEDGKIHLLHLEFNGNGVDGRKRVYFVDVDSTGRVRINSGTVEQSISTRHPTKVFRELDALGLYSIGGSYTLSVDFEWGDIGFDSTVTPLYLLENGELKPLREVVFHTDWPVCEIAVCKNGCEVWFIREDLSRASEVVFG	210	SIGNAL 1..21;  /evidence="ECO:0000255"
O29147	Y1118_ARCFU	reviewed	Archaeoglobus fulgidus (strain ATCC 49558 / VC-16 / DSM 4304 / JCM 9628 / NBRC 100126)	MKKLLVASLALLILTPVALAEDFSMDAEQLAVVLLKNTISNLEMSNKFVEILDNSGSDSVYQNLWGVIYGALAVMAVNNEVTTALLDEVSKSQELSSKVGDAINSLGENSTVVFGDVNGSKGLTLILRKESEVLQNGSYPYSDNETLSEAYARVVAEFTSRSVDFIVKLFSKIDEAWV	178	SIGNAL 1..20;  /evidence="ECO:0000255"
O28111	Y2171_ARCFU	reviewed	Archaeoglobus fulgidus (strain ATCC 49558 / VC-16 / DSM 4304 / JCM 9628 / NBRC 100126)	MKRTSAALVVFLILLFLGLLFLPMFIVYGGFGLLDPLATKERYTLSYYIYLESRKPFENVTVLIPAAKLGSLEIVPANFEIVKIGNRTYIKIAREKPYYEIYRLHGENETLTNYRMDITVEFPEIKIENLTEYRIDDGNVSVLLDYTNSSYVSLQVMLYYLELDYVDIFGKRIYTNFGHYNYLWCKTTPVNITEDKRGRWMKVPVSCGGEL	211	SIGNAL 1..27;  /evidence="ECO:0000255"
O28992	Y1276_ARCFU	reviewed	Archaeoglobus fulgidus (strain ATCC 49558 / VC-16 / DSM 4304 / JCM 9628 / NBRC 100126)	MRAAIAVLFIALVGLATYHLVMSQANPELRTVDIEGKKLILRGFENPAVKVKGCGEEALLHGSIVEIPLNCSKVKVEVYSEGRLVFSSSLSLNP	94	SIGNAL 1..25;  /evidence="ECO:0000255"
O29607	Y650_ARCFU	reviewed	Archaeoglobus fulgidus (strain ATCC 49558 / VC-16 / DSM 4304 / JCM 9628 / NBRC 100126)	MVSEAEFMAALAKFAETSATASAAADRVIAVANVDASRIADEFNALLGWAMKIATLLLEEISKNPSLKAEMAESHQMLFGNLGTIVPALLKFGPYINQILGNFGLSLGKLFGIVLAF	117	SIGNAL 1..23;  /evidence="ECO:0000255"
O28707	Y1565_ARCFU	reviewed	Archaeoglobus fulgidus (strain ATCC 49558 / VC-16 / DSM 4304 / JCM 9628 / NBRC 100126)	MSLGLIFALLLTHAAAAKEIGIKTVNDYIKQGESHWYTSYVTSHTFDVYLVWNNPSNSLTLTVYSPDGS	69	SIGNAL 1..16;  /evidence="ECO:0000255"
O29850	Y397_ARCFU	reviewed	Archaeoglobus fulgidus (strain ATCC 49558 / VC-16 / DSM 4304 / JCM 9628 / NBRC 100126)	MNRIVGILISILMLACIGVTMAAETPVEATIEPKNTFSEPLATQMVLLKGIFDPKVEPMDPANDAIEITGVLKLNHNEVRGVVNINNKKGEFAGKCTPFKSSNFEGVVLKCGSEGSIKVLQINIGDGKLELFGKYGDGIVFLEGKIPEMSYKSLASSASAPTSVRPEAWMVDILL	175	SIGNAL 1..22;  /evidence="ECO:0000255|PROSITE-ProRule:PRU00303"
O29555	Y703_ARCFU	reviewed	Archaeoglobus fulgidus (strain ATCC 49558 / VC-16 / DSM 4304 / JCM 9628 / NBRC 100126)	MGLSVMIMLMRSVKIKYLNLASLSNDRSADTSAAPHSPLRTRLVHPSLAFCPDVPSGKCRFAKFYGIGREPHRIRGADVLLFEGLKRVR	89	SIGNAL 1..29;  /evidence="ECO:0000255"
O28397	Y1882_ARCFU	reviewed	Archaeoglobus fulgidus (strain ATCC 49558 / VC-16 / DSM 4304 / JCM 9628 / NBRC 100126)	MVLFYEVLTISIFRRLPFLQRMLNKSQAKSKTCFQSPFSGASLSYTSVAVHLCPHPCSLSISIFRSLPFLHNRKVQAAGPLRGLSISIFRSLPFLPDYKRNPSPVQRHLSISIFRSLPFLRMGHMTQMAGQATFQSPFSGASLSYPSPLPLPELLFCIFQSPFSGASLSYAEIIPHYYHPYFALSISIFRSLPFLQAA	198	SIGNAL 1..28;  /evidence="ECO:0000255"
O28426	Y1852_ARCFU	reviewed	Archaeoglobus fulgidus (strain ATCC 49558 / VC-16 / DSM 4304 / JCM 9628 / NBRC 100126)	MKKSGWLVVALIALVVLGVVTSIAVNVYFKDKLVQGITVQMEDEGGKPISANLIINELTDEGPKKIWSGSGPGIVATSLILPKEEVNTFEINGEKIRVYRSINLEVIAYTEGKMGVAIFSVDPARPEHKSVKIVLRDVPKTKSEPTPGVWTTYEFTPVLKFATWDDIFAKYGYPRGAKIRIESKTRPYGSPTWVSGYTEVTLDSGLFSPYLSGKNKYTVYFQIKYVYAITELEMGEEKIYYERVYAVDTNTDPVAGYRDYVSWHGNLPANYDEYYITPAGDTREIAITGGHDYAFSVSVGFSYPAGITVALGVTKVPSPPATLSVTSTRSDGWVKTAGFNGFIESYSNWI	350	SIGNAL 1..26;  /evidence="ECO:0000255"
O29001	Y1267_ARCFU	reviewed	Archaeoglobus fulgidus (strain ATCC 49558 / VC-16 / DSM 4304 / JCM 9628 / NBRC 100126)	MAVAALAMYGGTCGACAVLACNWNVRECGIIWKNLFEVKK	40	SIGNAL 1..17;  /evidence="ECO:0000255"
O29064	Y1204_ARCFU	reviewed	Archaeoglobus fulgidus (strain ATCC 49558 / VC-16 / DSM 4304 / JCM 9628 / NBRC 100126)	MFPADVILQCFGFSVGIALVGYVISLFLDWSEEEGDEDDA	40	SIGNAL 1..27;  /evidence="ECO:0000255"