# SignalP-5.0	Organism: Gram-positive	Timestamp: 20201208211730
# ID	Prediction	SP(Sec/SPI)	TAT(Tat/SPI)	LIPO(Sec/SPII)	OTHER	CS Position
P9WKD3_POSITIVE_TATLIPO_0	LIPO(Sec/SPII)	0.021704	0.280710	0.696134	0.001452	CS pos: 23-24. VTG-CA. Pr: 0.6983
P9WKD2_POSITIVE_TATLIPO_2	LIPO(Sec/SPII)	0.021704	0.280710	0.696134	0.001452	CS pos: 23-24. VTG-CA. Pr: 0.6983
P0A5I7_POSITIVE_TATLIPO_3	LIPO(Sec/SPII)	0.021704	0.280710	0.696134	0.001452	CS pos: 23-24. VTG-CA. Pr: 0.6983
O50499_POSITIVE_TATLIPO_4	LIPO(Sec/SPII)	0.003598	0.316484	0.679318	0.000601	CS pos: 29-30. AVA-CS. Pr: 0.6948
C8WLE3_POSITIVE_TATLIPO_0	TAT(Tat/SPI)	0.003168	0.766358	0.230129	0.000346	CS pos: 40-41. AGA-AG. Pr: 0.2283
P25955_POSITIVE_PILIN_0	OTHER	0.290704	0.004211	0.019910	0.685174	
P25956_POSITIVE_PILIN_1	OTHER	0.345665	0.037745	0.018065	0.598525	
Q8VQ71_POSITIVE_PILIN_2	OTHER	0.391461	0.005336	0.023744	0.579458	
P25957_POSITIVE_PILIN_3	SP(Sec/SPI)	0.530979	0.005654	0.002988	0.460379	CS pos: 36-37. LMA-DE. Pr: 0.4730
Q9K923_POSITIVE_PILIN_4	SP(Sec/SPI)	0.551881	0.009912	0.070593	0.367615	CS pos: 35-36. SMT-KN. Pr: 0.1825
P33555_POSITIVE_PILIN_0	OTHER	0.099222	0.000970	0.006714	0.893093	
P9WGE9_POSITIVE_LIPO_3	LIPO(Sec/SPII)	0.015306	0.055856	0.927771	0.001067	CS pos: 32-33. LSA-CS. Pr: 0.9094
P9WG29_POSITIVE_LIPO_3	LIPO(Sec/SPII)	0.247929	0.000709	0.745793	0.005568	CS pos: 23-24. VAA-CK. Pr: 0.7500
Q2FVE7_POSITIVE_LIPO_3	LIPO(Sec/SPII)	0.000447	0.000088	0.999166	0.000299	CS pos: 20-21. LTG-CG. Pr: 0.9998
P9WGU1_POSITIVE_LIPO_0	LIPO(Sec/SPII)	0.001412	0.000166	0.998203	0.000219	CS pos: 23-24. AAG-CG. Pr: 0.9971
P9WGT7_POSITIVE_LIPO_2	LIPO(Sec/SPII)	0.002002	0.000361	0.997215	0.000422	CS pos: 22-23. LSA-CG. Pr: 0.9975
O53223_POSITIVE_LIPO_0	LIPO(Sec/SPII)	0.009068	0.003819	0.984382	0.002732	CS pos: 34-35. AVA-CG. Pr: 0.9842
Q93LQ6_POSITIVE_LIPO_0	LIPO(Sec/SPII)	0.007011	0.000070	0.992760	0.000159	CS pos: 19-20. LFS-CA. Pr: 0.9927
Q2FZE6_POSITIVE_LIPO_3	LIPO(Sec/SPII)	0.000789	0.000052	0.999024	0.000135	CS pos: 19-20. LTS-CQ. Pr: 0.9994
P0CAX7_POSITIVE_LIPO_2	LIPO(Sec/SPII)	0.000796	0.000608	0.998221	0.000375	CS pos: 24-25. LAG-CS. Pr: 0.9979
A6QG34_POSITIVE_LIPO_3	LIPO(Sec/SPII)	0.000789	0.000052	0.999024	0.000135	CS pos: 19-20. LTS-CQ. Pr: 0.9994
P9WGT9_POSITIVE_LIPO_2	LIPO(Sec/SPII)	0.003607	0.000494	0.995611	0.000287	CS pos: 22-23. LTA-CG. Pr: 0.9957
E0TW67_POSITIVE_LIPO_0	LIPO(Sec/SPII)	0.003072	0.000245	0.994698	0.001985	CS pos: 25-26. LGG-CS. Pr: 0.9952
Q2G2P5_POSITIVE_LIPO_2	LIPO(Sec/SPII)	0.002815	0.000092	0.996788	0.000305	CS pos: 18-19. LSG-CG. Pr: 0.9975
A0A0H3M3S8_POSITIVE_LIPO_0	LIPO(Sec/SPII)	0.000941	0.000377	0.998427	0.000255	CS pos: 26-27. VAG-CS. Pr: 0.9989
P9WNF3_POSITIVE_LIPO_2	LIPO(Sec/SPII)	0.000796	0.000608	0.998221	0.000375	CS pos: 24-25. LAG-CS. Pr: 0.9979
O53780_POSITIVE_LIPO_0	LIPO(Sec/SPII)	0.000712	0.000089	0.999067	0.000132	CS pos: 19-20. LAG-CS. Pr: 0.9995
A0A0H3JTL0_POSITIVE_LIPO_3	LIPO(Sec/SPII)	0.000447	0.000088	0.999166	0.000299	CS pos: 20-21. LTG-CG. Pr: 0.9998
Q7A652_POSITIVE_LIPO_3	LIPO(Sec/SPII)	0.000789	0.000052	0.999024	0.000135	CS pos: 19-20. LTS-CQ. Pr: 0.9994
P9WK55_POSITIVE_LIPO_4	LIPO(Sec/SPII)	0.004978	0.002204	0.991895	0.000923	CS pos: 24-25. IGG-CS. Pr: 0.9917
A5U2B3_POSITIVE_LIPO_0	LIPO(Sec/SPII)	0.000941	0.000377	0.998427	0.000255	CS pos: 26-27. VAG-CS. Pr: 0.9989
Q81L65_POSITIVE_LIPO_3	LIPO(Sec/SPII)	0.001041	0.000146	0.998361	0.000452	CS pos: 17-18. AVG-CG. Pr: 0.9992
H8EZH5_POSITIVE_LIPO_3	LIPO(Sec/SPII)	0.247929	0.000709	0.745793	0.005568	CS pos: 23-24. VAA-CK. Pr: 0.7500
P9WFN3_POSITIVE_LIPO_0	LIPO(Sec/SPII)	0.000743	0.000529	0.998407	0.000321	CS pos: 23-24. LGG-CG. Pr: 0.9980
P9WK44_POSITIVE_LIPO_0	LIPO(Sec/SPII)	0.000941	0.000377	0.998427	0.000255	CS pos: 26-27. VAG-CS. Pr: 0.9989
P0A5I9_POSITIVE_LIPO_0	LIPO(Sec/SPII)	0.000941	0.000377	0.998427	0.000255	CS pos: 26-27. VAG-CS. Pr: 0.9989
A0A0H3MGR5_POSITIVE_LIPO_0	LIPO(Sec/SPII)	0.000694	0.009956	0.988921	0.000429	CS pos: 26-27. LSG-CS. Pr: 0.4818
Q2FHU8_POSITIVE_LIPO_3	LIPO(Sec/SPII)	0.000789	0.000052	0.999024	0.000135	CS pos: 19-20. LTS-CQ. Pr: 0.9994
Q2FZJ9_POSITIVE_LIPO_2	LIPO(Sec/SPII)	0.000508	0.000057	0.998769	0.000666	CS pos: 19-20. LSG-CS. Pr: 0.9995
P0A4G4_POSITIVE_LIPO_0	LIPO(Sec/SPII)	0.001345	0.000099	0.998355	0.000201	CS pos: 20-21. LVA-CS. Pr: 0.9988
A0A0H3M950_POSITIVE_LIPO_0	LIPO(Sec/SPII)	0.001412	0.000166	0.998203	0.000219	CS pos: 23-24. AAG-CG. Pr: 0.9971
Q5HQA9_POSITIVE_LIPO_2	LIPO(Sec/SPII)	0.000454	0.000058	0.999075	0.000414	CS pos: 19-20. LSG-CS. Pr: 0.9996
Q99V36_POSITIVE_LIPO_2	LIPO(Sec/SPII)	0.000508	0.000057	0.998769	0.000666	CS pos: 19-20. LSG-CS. Pr: 0.9995
P9WGE8_POSITIVE_LIPO_3	LIPO(Sec/SPII)	0.015306	0.055856	0.927771	0.001067	CS pos: 32-33. LSA-CS. Pr: 0.9094
Q9K491_POSITIVE_LIPO_2	LIPO(Sec/SPII)	0.002326	0.000091	0.997323	0.000259	CS pos: 20-21. IAA-CG. Pr: 0.9980
Q7A698_POSITIVE_LIPO_2	LIPO(Sec/SPII)	0.000508	0.000057	0.998769	0.000666	CS pos: 19-20. LSG-CS. Pr: 0.9995
Q99UX1_POSITIVE_LIPO_3	LIPO(Sec/SPII)	0.000789	0.000052	0.999024	0.000135	CS pos: 19-20. LTS-CQ. Pr: 0.9994
Q5HH23_POSITIVE_LIPO_2	LIPO(Sec/SPII)	0.000508	0.000057	0.998769	0.000666	CS pos: 19-20. LSG-CS. Pr: 0.9995
A5U990_POSITIVE_LIPO_2	LIPO(Sec/SPII)	0.001097	0.000169	0.998542	0.000191	CS pos: 21-22. LSG-CS. Pr: 0.9979
Q6GI23_POSITIVE_LIPO_2	LIPO(Sec/SPII)	0.000508	0.000057	0.998769	0.000666	CS pos: 19-20. LSG-CS. Pr: 0.9995
Q7A181_POSITIVE_LIPO_2	LIPO(Sec/SPII)	0.000508	0.000057	0.998769	0.000666	CS pos: 19-20. LSG-CS. Pr: 0.9995
Q6GHV3_POSITIVE_LIPO_3	LIPO(Sec/SPII)	0.000789	0.000052	0.999024	0.000135	CS pos: 19-20. LTS-CQ. Pr: 0.9994
A7X153_POSITIVE_LIPO_3	LIPO(Sec/SPII)	0.000789	0.000052	0.999024	0.000135	CS pos: 19-20. LTS-CQ. Pr: 0.9994
Q7A150_POSITIVE_LIPO_3	LIPO(Sec/SPII)	0.000789	0.000052	0.999024	0.000135	CS pos: 19-20. LTS-CQ. Pr: 0.9994
Q2YX14_POSITIVE_LIPO_2	LIPO(Sec/SPII)	0.000508	0.000057	0.998769	0.000666	CS pos: 19-20. LSG-CS. Pr: 0.9995
Q2YX92_POSITIVE_LIPO_3	LIPO(Sec/SPII)	0.000789	0.000052	0.999024	0.000135	CS pos: 19-20. LTS-CQ. Pr: 0.9994
Q6GAF2_POSITIVE_LIPO_2	LIPO(Sec/SPII)	0.000508	0.000057	0.998769	0.000666	CS pos: 19-20. LSG-CS. Pr: 0.9995
Q6GA82_POSITIVE_LIPO_3	LIPO(Sec/SPII)	0.000789	0.000052	0.999024	0.000135	CS pos: 19-20. LTS-CQ. Pr: 0.9994
P9WGU3_POSITIVE_LIPO_1	LIPO(Sec/SPII)	0.005091	0.003937	0.990658	0.000314	CS pos: 21-22. LVA-CG. Pr: 0.9898
A0A0H3MBK5_POSITIVE_LIPO_2	LIPO(Sec/SPII)	0.002002	0.000361	0.997215	0.000422	CS pos: 22-23. LSA-CG. Pr: 0.9975
P9WK37_POSITIVE_LIPO_0	LIPO(Sec/SPII)	0.004965	0.000215	0.994589	0.000230	CS pos: 19-20. LAG-CA. Pr: 0.9952
A0A0H3MBL5_POSITIVE_LIPO_4	LIPO(Sec/SPII)	0.003607	0.000494	0.995611	0.000287	CS pos: 22-23. LTA-CG. Pr: 0.9957
A0A0H3M9Z0_POSITIVE_LIPO_2	LIPO(Sec/SPII)	0.001097	0.000169	0.998542	0.000191	CS pos: 21-22. LSG-CS. Pr: 0.9979
A2RK47_POSITIVE_LIPO_0	LIPO(Sec/SPII)	0.001869	0.000055	0.997914	0.000163	CS pos: 21-22. LAG-CR. Pr: 0.9984
B1AIC4_POSITIVE_LIPO_2	LIPO(Sec/SPII)	0.002834	0.000152	0.996158	0.000856	CS pos: 27-28. LTS-CT. Pr: 0.9968
P9WHR2_POSITIVE_LIPO_0	LIPO(Sec/SPII)	0.027440	0.038811	0.913277	0.020472	CS pos: 30-31. LVG-CI. Pr: 0.9103
P9WGT6_POSITIVE_LIPO_2	LIPO(Sec/SPII)	0.002002	0.000361	0.997215	0.000422	CS pos: 22-23. LSA-CG. Pr: 0.9975
P65631_POSITIVE_LIPO_4	LIPO(Sec/SPII)	0.015979	0.000177	0.980440	0.003403	CS pos: 25-26. LVA-CG. Pr: 0.9807
C1AFY9_POSITIVE_LIPO_2	LIPO(Sec/SPII)	0.000796	0.000608	0.998221	0.000375	CS pos: 24-25. LAG-CS. Pr: 0.9979
P9WK40_POSITIVE_LIPO_1	LIPO(Sec/SPII)	0.011003	0.000184	0.988385	0.000428	CS pos: 15-16. LSA-CA. Pr: 0.9892
P65319_POSITIVE_LIPO_1	LIPO(Sec/SPII)	0.011003	0.000184	0.988385	0.000428	CS pos: 15-16. LSA-CA. Pr: 0.9892
P9WK64_POSITIVE_LIPO_0	LIPO(Sec/SPII)	0.000694	0.009956	0.988921	0.000429	CS pos: 26-27. LSG-CS. Pr: 0.4818
P0DF60_POSITIVE_LIPO_0	LIPO(Sec/SPII)	0.001345	0.000099	0.998355	0.000201	CS pos: 20-21. LVA-CS. Pr: 0.9988
P65307_POSITIVE_LIPO_0	LIPO(Sec/SPII)	0.000694	0.009956	0.988921	0.000429	CS pos: 26-27. LSG-CS. Pr: 0.4818
Q8Y3I2_POSITIVE_LIPO_2	LIPO(Sec/SPII)	0.001285	0.000109	0.998174	0.000431	CS pos: 26-27. LSG-CG. Pr: 0.9988
Q8Y7A9_POSITIVE_LIPO_1	LIPO(Sec/SPII)	0.000354	0.000072	0.999311	0.000263	CS pos: 21-22. LTG-CS. Pr: 0.9996
Q5HLG6_POSITIVE_LIPO_2	LIPO(Sec/SPII)	0.000438	0.000090	0.998896	0.000576	CS pos: 18-19. LAG-CD. Pr: 0.9998
Q2FWG4_POSITIVE_LIPO_3	LIPO(Sec/SPII)	0.000365	0.000066	0.999252	0.000316	CS pos: 19-20. LAG-CD. Pr: 0.9999
Q5HMD1_POSITIVE_LIPO_1	LIPO(Sec/SPII)	0.000328	0.000056	0.999337	0.000280	CS pos: 19-20. LAG-CD. Pr: 0.9999
Q8DQ24_POSITIVE_LIPO_4	LIPO(Sec/SPII)	0.006396	0.000048	0.993393	0.000162	CS pos: 20-21. LAA-CS. Pr: 0.9939
P65628_POSITIVE_LIPO_3	LIPO(Sec/SPII)	0.000365	0.000066	0.999252	0.000316	CS pos: 19-20. LAG-CD. Pr: 0.9999
Q8E6W4_POSITIVE_LIPO_4	LIPO(Sec/SPII)	0.006119	0.000177	0.989753	0.003951	CS pos: 20-21. LVA-CG. Pr: 0.9904
P65629_POSITIVE_LIPO_3	LIPO(Sec/SPII)	0.000365	0.000066	0.999252	0.000316	CS pos: 19-20. LAG-CD. Pr: 0.9999
P65630_POSITIVE_LIPO_3	LIPO(Sec/SPII)	0.000365	0.000066	0.999252	0.000316	CS pos: 19-20. LAG-CD. Pr: 0.9999
Q5HEA9_POSITIVE_LIPO_3	LIPO(Sec/SPII)	0.000365	0.000066	0.999252	0.000316	CS pos: 19-20. LAG-CD. Pr: 0.9999
P0DC86_POSITIVE_LIPO_4	LIPO(Sec/SPII)	0.015979	0.000177	0.980440	0.003403	CS pos: 25-26. LVA-CG. Pr: 0.9807
Q5XDQ5_POSITIVE_LIPO_1	LIPO(Sec/SPII)	0.002995	0.000492	0.995550	0.000962	CS pos: 23-24. LTG-CV. Pr: 0.9964
Q2FKG0_POSITIVE_LIPO_0	LIPO(Sec/SPII)	0.001075	0.000081	0.998621	0.000223	CS pos: 24-25. TAG-CG. Pr: 0.9991
Q99RE6_POSITIVE_LIPO_2	LIPO(Sec/SPII)	0.000603	0.000119	0.998965	0.000313	CS pos: 22-23. IGA-CG. Pr: 0.9992
Q6GJM8_POSITIVE_LIPO_3	LIPO(Sec/SPII)	0.000413	0.000056	0.999261	0.000271	CS pos: 22-23. IGG-CG. Pr: 0.9998
Q8NY38_POSITIVE_LIPO_1	LIPO(Sec/SPII)	0.000740	0.000066	0.998989	0.000204	CS pos: 22-23. VTS-CG. Pr: 0.9994
Q99WF9_POSITIVE_LIPO_3	LIPO(Sec/SPII)	0.000512	0.000057	0.999206	0.000226	CS pos: 22-23. IIG-CN. Pr: 0.9997
Q2FH48_POSITIVE_LIPO_1	LIPO(Sec/SPII)	0.000881	0.000100	0.998765	0.000255	CS pos: 20-21. LGA-CG. Pr: 0.9991
Q2YXX9_POSITIVE_LIPO_1	LIPO(Sec/SPII)	0.000881	0.000100	0.998765	0.000255	CS pos: 20-21. LGA-CG. Pr: 0.9991
Q6GH18_POSITIVE_LIPO_1	LIPO(Sec/SPII)	0.000881	0.000100	0.998765	0.000255	CS pos: 20-21. LGA-CG. Pr: 0.9991
Q6G9H1_POSITIVE_LIPO_1	LIPO(Sec/SPII)	0.000881	0.000100	0.998765	0.000255	CS pos: 20-21. LGA-CG. Pr: 0.9991
P0A4G1_POSITIVE_LIPO_0	LIPO(Sec/SPII)	0.002865	0.000144	0.996709	0.000283	CS pos: 24-25. LSA-CG. Pr: 0.9973
Q8CWN2_POSITIVE_LIPO_0	LIPO(Sec/SPII)	0.002123	0.000062	0.997603	0.000213	CS pos: 18-19. LVA-CS. Pr: 0.9981
P9WK59_POSITIVE_LIPO_4	LIPO(Sec/SPII)	0.007916	0.001517	0.989633	0.000935	CS pos: 29-30. AVA-CG. Pr: 0.9883
P9WK38_POSITIVE_LIPO_1	LIPO(Sec/SPII)	0.000643	0.000225	0.998675	0.000457	CS pos: 21-22. LAG-CI. Pr: 0.9994
P9WK60_POSITIVE_LIPO_2	LIPO(Sec/SPII)	0.001097	0.000169	0.998542	0.000191	CS pos: 21-22. LSG-CS. Pr: 0.9979
P9WK52_POSITIVE_LIPO_0	LIPO(Sec/SPII)	0.002546	0.000250	0.997008	0.000195	CS pos: 24-25. VAG-CS. Pr: 0.9976
Q7VEM3_POSITIVE_LIPO_0	LIPO(Sec/SPII)	0.002260	0.000227	0.997315	0.000198	CS pos: 20-21. LAA-CS. Pr: 0.9978
P9WK62_POSITIVE_LIPO_4	LIPO(Sec/SPII)	0.003664	0.000368	0.995557	0.000411	CS pos: 29-30. LSG-CG. Pr: 0.9945
P9WK63_POSITIVE_LIPO_4	LIPO(Sec/SPII)	0.003664	0.000368	0.995557	0.000411	CS pos: 29-30. LSG-CG. Pr: 0.9945
B1IBE1_POSITIVE_LIPO_4	LIPO(Sec/SPII)	0.006396	0.000048	0.993393	0.000162	CS pos: 20-21. LAA-CS. Pr: 0.9939
Q2G2S6_POSITIVE_LIPO_1	LIPO(Sec/SPII)	0.015180	0.000182	0.984206	0.000432	CS pos: 20-21. LGA-CG. Pr: 0.9847
P0DD45_POSITIVE_LIPO_4	LIPO(Sec/SPII)	0.000642	0.000102	0.998920	0.000336	CS pos: 22-23. LSA-CQ. Pr: 0.9997
C0M9L5_POSITIVE_LIPO_2	LIPO(Sec/SPII)	0.000835	0.000076	0.998893	0.000196	CS pos: 22-23. LAA-CQ. Pr: 0.9994
P9WK36_POSITIVE_LIPO_0	LIPO(Sec/SPII)	0.004965	0.000215	0.994589	0.000230	CS pos: 19-20. LAG-CA. Pr: 0.9952
P9WK51_POSITIVE_LIPO_2	LIPO(Sec/SPII)	0.009243	0.006459	0.768420	0.215879	CS pos: 21-22. TCG-CL. Pr: 0.6758
P59987_POSITIVE_LIPO_1	LIPO(Sec/SPII)	0.000643	0.000225	0.998675	0.000457	CS pos: 21-22. LAG-CI. Pr: 0.9994
Q5HG31_POSITIVE_LIPO_1	LIPO(Sec/SPII)	0.000881	0.000100	0.998765	0.000255	CS pos: 20-21. LGA-CG. Pr: 0.9991
A8YY10_POSITIVE_LIPO_1	LIPO(Sec/SPII)	0.015180	0.000182	0.984206	0.000432	CS pos: 20-21. LGA-CG. Pr: 0.9847
A7X3U8_POSITIVE_LIPO_1	LIPO(Sec/SPII)	0.015180	0.000182	0.984206	0.000432	CS pos: 20-21. LGA-CG. Pr: 0.9847
B8ZPD9_POSITIVE_LIPO_4	LIPO(Sec/SPII)	0.006396	0.000048	0.993393	0.000162	CS pos: 20-21. LAA-CS. Pr: 0.9939
P9WGU8_POSITIVE_LIPO_0	LIPO(Sec/SPII)	0.045599	0.001800	0.950711	0.001890	CS pos: 25-26. AAA-CG. Pr: 0.9516
P9WK43_POSITIVE_LIPO_0	LIPO(Sec/SPII)	0.005123	0.001710	0.992413	0.000754	CS pos: 27-28. LAA-CT. Pr: 0.9930
Q5HPF2_POSITIVE_LIPO_2	LIPO(Sec/SPII)	0.000673	0.000096	0.998986	0.000244	CS pos: 20-21. LGA-CG. Pr: 0.9995
P60749_POSITIVE_LIPO_1	LIPO(Sec/SPII)	0.015180	0.000182	0.984206	0.000432	CS pos: 20-21. LGA-CG. Pr: 0.9847
Q5HN96_POSITIVE_LIPO_2	LIPO(Sec/SPII)	0.003093	0.000139	0.996370	0.000399	CS pos: 20-21. LGA-CG. Pr: 0.9972
Q8P0E5_POSITIVE_LIPO_1	LIPO(Sec/SPII)	0.000847	0.000109	0.998740	0.000304	CS pos: 22-23. LAA-CQ. Pr: 0.9995
P9WK66_POSITIVE_LIPO_1	LIPO(Sec/SPII)	0.009595	0.000357	0.989711	0.000337	CS pos: 22-23. VAG-CE. Pr: 0.9904
Q9L5W9_POSITIVE_LIPO_2	LIPO(Sec/SPII)	0.002295	0.000065	0.997446	0.000194	CS pos: 19-20. LVA-CA. Pr: 0.9973
P0DD44_POSITIVE_LIPO_2	LIPO(Sec/SPII)	0.000642	0.000102	0.998920	0.000336	CS pos: 22-23. LSA-CQ. Pr: 0.9997
A9WGD2_POSITIVE_LIPO_4	LIPO(Sec/SPII)	0.019033	0.000286	0.980498	0.000182	CS pos: 19-20. ITA-CS. Pr: 0.9814
Q7U093_POSITIVE_LIPO_0	LIPO(Sec/SPII)	0.002546	0.000250	0.997008	0.000195	CS pos: 24-25. VAG-CS. Pr: 0.9976
P0A5J1_POSITIVE_LIPO_2	LIPO(Sec/SPII)	0.001097	0.000169	0.998542	0.000191	CS pos: 21-22. LSG-CS. Pr: 0.9979
A1KNP6_POSITIVE_LIPO_0	LIPO(Sec/SPII)	0.004965	0.000215	0.994589	0.000230	CS pos: 19-20. LAG-CA. Pr: 0.9952
P9WK57_POSITIVE_LIPO_0	LIPO(Sec/SPII)	0.005811	0.001072	0.991723	0.001394	CS pos: 25-26. VAG-CS. Pr: 0.9836
Q8DN64_POSITIVE_LIPO_1	LIPO(Sec/SPII)	0.010338	0.000228	0.989107	0.000327	CS pos: 21-22. LVA-CG. Pr: 0.9895
Q97Q31_POSITIVE_LIPO_1	LIPO(Sec/SPII)	0.010387	0.000117	0.987945	0.001550	CS pos: 22-23. LVG-CA. Pr: 0.5174
Q8XHK0_POSITIVE_LIPO_1	LIPO(Sec/SPII)	0.025844	0.000172	0.973601	0.000383	CS pos: 22-23. AVG-CN. Pr: 0.9738
P60813_POSITIVE_LIPO_4	LIPO(Sec/SPII)	0.000642	0.000102	0.998920	0.000336	CS pos: 22-23. LSA-CQ. Pr: 0.9997
P9WK42_POSITIVE_LIPO_0	LIPO(Sec/SPII)	0.005123	0.001710	0.992413	0.000754	CS pos: 27-28. LAA-CT. Pr: 0.9930
P9WK68_POSITIVE_LIPO_0	LIPO(Sec/SPII)	0.012924	0.007835	0.976855	0.002385	CS pos: 30-31. ASG-CA. Pr: 0.9681
V9TSX0_POSITIVE_LIPO_0	LIPO(Sec/SPII)	0.001320	0.000108	0.998343	0.000229	CS pos: 18-19. LSA-CS. Pr: 0.9988
P0A4G3_POSITIVE_LIPO_2	LIPO(Sec/SPII)	0.001806	0.000062	0.997937	0.000195	CS pos: 19-20. LVA-CA. Pr: 0.9977
P0DJ00_POSITIVE_LIPO_2	LIPO(Sec/SPII)	0.004750	0.000306	0.994549	0.000396	CS pos: 30-31. VSS-CS. Pr: 0.9957
Q07741_POSITIVE_LIPO_3	LIPO(Sec/SPII)	0.000660	0.000118	0.999044	0.000178	CS pos: 22-23. LSA-CG. Pr: 0.9992
Q8P280_POSITIVE_LIPO_2	LIPO(Sec/SPII)	0.001523	0.000086	0.998195	0.000197	CS pos: 20-21. LVA-CS. Pr: 0.9987
P60747_POSITIVE_LIPO_1	LIPO(Sec/SPII)	0.015180	0.000182	0.984206	0.000432	CS pos: 20-21. LGA-CG. Pr: 0.9847
P65301_POSITIVE_LIPO_1	LIPO(Sec/SPII)	0.000801	0.000628	0.998399	0.000173	CS pos: 22-23. LSG-CS. Pr: 0.9982
P9WK74_POSITIVE_LIPO_1	LIPO(Sec/SPII)	0.000801	0.000628	0.998399	0.000173	CS pos: 22-23. LSG-CS. Pr: 0.9982
Q7U0V0_POSITIVE_LIPO_4	LIPO(Sec/SPII)	0.007916	0.001517	0.989633	0.000935	CS pos: 29-30. AVA-CG. Pr: 0.9883
P65303_POSITIVE_LIPO_0	LIPO(Sec/SPII)	0.012924	0.007835	0.976855	0.002385	CS pos: 30-31. ASG-CA. Pr: 0.9681
P9WGU2_POSITIVE_LIPO_1	LIPO(Sec/SPII)	0.005091	0.003937	0.990658	0.000314	CS pos: 21-22. LVA-CG. Pr: 0.9898
P65305_POSITIVE_LIPO_1	LIPO(Sec/SPII)	0.009595	0.000357	0.989711	0.000337	CS pos: 22-23. VAG-CE. Pr: 0.9904
Q5X9P6_POSITIVE_LIPO_2	LIPO(Sec/SPII)	0.000642	0.000102	0.998920	0.000336	CS pos: 22-23. LSA-CQ. Pr: 0.9997
P60811_POSITIVE_LIPO_1	LIPO(Sec/SPII)	0.000847	0.000109	0.998740	0.000304	CS pos: 22-23. LAA-CQ. Pr: 0.9995
Q2FYP6_POSITIVE_LIPO_1	LIPO(Sec/SPII)	0.000881	0.000100	0.998765	0.000255	CS pos: 20-21. LGA-CG. Pr: 0.9991
Q6G894_POSITIVE_LIPO_1	LIPO(Sec/SPII)	0.015180	0.000182	0.984206	0.000432	CS pos: 20-21. LGA-CG. Pr: 0.9847
A6U2U4_POSITIVE_LIPO_1	LIPO(Sec/SPII)	0.015180	0.000182	0.984206	0.000432	CS pos: 20-21. LGA-CG. Pr: 0.9847
B2IPD4_POSITIVE_LIPO_4	LIPO(Sec/SPII)	0.006178	0.000048	0.993611	0.000164	CS pos: 20-21. LAA-CS. Pr: 0.9941
Q5XBH0_POSITIVE_LIPO_1	LIPO(Sec/SPII)	0.000847	0.000109	0.998740	0.000304	CS pos: 22-23. LAA-CQ. Pr: 0.9995
Q5HET4_POSITIVE_LIPO_1	LIPO(Sec/SPII)	0.015180	0.000182	0.984206	0.000432	CS pos: 20-21. LGA-CG. Pr: 0.9847
A5I7R3_POSITIVE_LIPO_3	LIPO(Sec/SPII)	0.002684	0.000103	0.997021	0.000192	CS pos: 22-23. FTA-CD. Pr: 0.9978
A7FPK5_POSITIVE_LIPO_3	LIPO(Sec/SPII)	0.002684	0.000103	0.997021	0.000192	CS pos: 22-23. FTA-CD. Pr: 0.9978
Q8E0C6_POSITIVE_LIPO_3	LIPO(Sec/SPII)	0.000900	0.000138	0.998670	0.000292	CS pos: 22-23. LAA-CS. Pr: 0.9992
Q3K1P9_POSITIVE_LIPO_3	LIPO(Sec/SPII)	0.000900	0.000138	0.998670	0.000292	CS pos: 22-23. LAA-CS. Pr: 0.9992
P65311_POSITIVE_LIPO_0	LIPO(Sec/SPII)	0.005811	0.001072	0.991723	0.001394	CS pos: 25-26. VAG-CS. Pr: 0.9836
P60748_POSITIVE_LIPO_1	LIPO(Sec/SPII)	0.015180	0.000182	0.984206	0.000432	CS pos: 20-21. LGA-CG. Pr: 0.9847
C1CRR9_POSITIVE_LIPO_4	LIPO(Sec/SPII)	0.006396	0.000048	0.993393	0.000162	CS pos: 20-21. LAA-CS. Pr: 0.9939
P9WK72_POSITIVE_LIPO_0	LIPO(Sec/SPII)	0.002260	0.000227	0.997315	0.000198	CS pos: 20-21. LAA-CS. Pr: 0.9978
Q6GCC9_POSITIVE_LIPO_4	LIPO(Sec/SPII)	0.000480	0.000073	0.999161	0.000285	CS pos: 17-18. IAA-CG. Pr: 0.9997
Q7U094_POSITIVE_LIPO_4	LIPO(Sec/SPII)	0.004978	0.002204	0.991895	0.000923	CS pos: 24-25. IGG-CS. Pr: 0.9917
C1CDX6_POSITIVE_LIPO_4	LIPO(Sec/SPII)	0.006396	0.000048	0.993393	0.000162	CS pos: 20-21. LAA-CS. Pr: 0.9939
P0C0J8_POSITIVE_LIPO_4	LIPO(Sec/SPII)	0.003962	0.002251	0.993156	0.000631	CS pos: 27-28. AAG-CG. Pr: 0.9939
Q8E310_POSITIVE_LIPO_1	LIPO(Sec/SPII)	0.000527	0.000102	0.999191	0.000181	CS pos: 23-24. LAG-CS. Pr: 0.9996
G2JZ42_POSITIVE_LIPO_1	LIPO(Sec/SPII)	0.003429	0.000185	0.996102	0.000284	CS pos: 22-23. LSS-CS. Pr: 0.9957
Q97R51_POSITIVE_LIPO_4	LIPO(Sec/SPII)	0.006178	0.000048	0.993611	0.000164	CS pos: 20-21. LAA-CS. Pr: 0.9941
Q8E5K2_POSITIVE_LIPO_0	LIPO(Sec/SPII)	0.001245	0.000104	0.998375	0.000275	CS pos: 22-23. LSG-CA. Pr: 0.9991
Q7A5Q2_POSITIVE_LIPO_1	LIPO(Sec/SPII)	0.000881	0.000100	0.998765	0.000255	CS pos: 20-21. LGA-CG. Pr: 0.9991
Q2YTZ6_POSITIVE_LIPO_1	LIPO(Sec/SPII)	0.015180	0.000182	0.984206	0.000432	CS pos: 20-21. LGA-CG. Pr: 0.9847
A6QI23_POSITIVE_LIPO_1	LIPO(Sec/SPII)	0.015180	0.000182	0.984206	0.000432	CS pos: 20-21. LGA-CG. Pr: 0.9847
Q7A2S1_POSITIVE_LIPO_1	LIPO(Sec/SPII)	0.000881	0.000100	0.998765	0.000255	CS pos: 20-21. LGA-CG. Pr: 0.9991
Q8NYA3_POSITIVE_LIPO_4	LIPO(Sec/SPII)	0.000480	0.000073	0.999161	0.000285	CS pos: 17-18. IAA-CG. Pr: 0.9997
Q2FJS0_POSITIVE_LIPO_4	LIPO(Sec/SPII)	0.000480	0.000073	0.999161	0.000285	CS pos: 17-18. IAA-CG. Pr: 0.9997
Q7A7M3_POSITIVE_LIPO_4	LIPO(Sec/SPII)	0.000480	0.000073	0.999161	0.000285	CS pos: 17-18. IAA-CG. Pr: 0.9997
Q2YVG5_POSITIVE_LIPO_4	LIPO(Sec/SPII)	0.000480	0.000073	0.999161	0.000285	CS pos: 17-18. IAA-CG. Pr: 0.9997
Q5HIV1_POSITIVE_LIPO_4	LIPO(Sec/SPII)	0.000480	0.000073	0.999161	0.000285	CS pos: 17-18. IAA-CG. Pr: 0.9997
Q8NV41_POSITIVE_LIPO_2	LIPO(Sec/SPII)	0.000394	0.000051	0.999411	0.000144	CS pos: 17-18. LAA-CG. Pr: 0.9998
Q99WG0_POSITIVE_LIPO_4	LIPO(Sec/SPII)	0.000977	0.000054	0.998751	0.000218	CS pos: 22-23. IIG-CD. Pr: 0.9992
P59984_POSITIVE_LIPO_0	LIPO(Sec/SPII)	0.115025	0.070882	0.812556	0.001537	CS pos: 30-31. LTA-CS. Pr: 0.8129
P9WL76_POSITIVE_LIPO_0	LIPO(Sec/SPII)	0.115025	0.070882	0.812556	0.001537	CS pos: 30-31. LTA-CS. Pr: 0.8129
Q2G1Q0_POSITIVE_LIPO_0	LIPO(Sec/SPII)	0.001075	0.000081	0.998621	0.000223	CS pos: 24-25. TAG-CG. Pr: 0.9991
P36261_POSITIVE_LIPO_0	LIPO(Sec/SPII)	0.004777	0.009888	0.984865	0.000470	CS pos: 24-25. IAA-CS. Pr: 0.9849
Q6GD26_POSITIVE_LIPO_0	LIPO(Sec/SPII)	0.001075	0.000081	0.998621	0.000223	CS pos: 24-25. TAG-CG. Pr: 0.9991
Q2G0W9_POSITIVE_LIPO_3	LIPO(Sec/SPII)	0.000413	0.000056	0.999261	0.000271	CS pos: 22-23. IGG-CG. Pr: 0.9998
Q2YUI9_POSITIVE_LIPO_3	LIPO(Sec/SPII)	0.000365	0.000066	0.999252	0.000316	CS pos: 19-20. LAG-CD. Pr: 0.9999
Q99XB5_POSITIVE_LIPO_3	LIPO(Sec/SPII)	0.000582	0.000074	0.999120	0.000225	CS pos: 24-25. FAG-CG. Pr: 0.9996
Q7A7F9_POSITIVE_LIPO_1	LIPO(Sec/SPII)	0.000940	0.000042	0.998875	0.000142	CS pos: 22-23. ATS-CG. Pr: 0.9990
Q5XDY9_POSITIVE_LIPO_4	LIPO(Sec/SPII)	0.015979	0.000177	0.980440	0.003403	CS pos: 25-26. LVA-CG. Pr: 0.9807
Q6G6V2_POSITIVE_LIPO_2	LIPO(Sec/SPII)	0.000394	0.000051	0.999411	0.000144	CS pos: 17-18. LAA-CG. Pr: 0.9998
Q99RE8_POSITIVE_LIPO_0	LIPO(Sec/SPII)	0.012482	0.000086	0.986085	0.001347	CS pos: 22-23. IGG-CI. Pr: 0.9867
Q5HIN1_POSITIVE_LIPO_3	LIPO(Sec/SPII)	0.000413	0.000056	0.999261	0.000271	CS pos: 22-23. IGG-CG. Pr: 0.9998
Q2FE14_POSITIVE_LIPO_1	LIPO(Sec/SPII)	0.000604	0.000101	0.998991	0.000304	CS pos: 22-23. IGA-CG. Pr: 0.9993
Q99WG4_POSITIVE_LIPO_1	LIPO(Sec/SPII)	0.000564	0.000071	0.999157	0.000208	CS pos: 22-23. IAG-CG. Pr: 0.9996
Q2FJJ7_POSITIVE_LIPO_3	LIPO(Sec/SPII)	0.001295	0.000037	0.998504	0.000164	CS pos: 22-23. VTS-CD. Pr: 0.9990
Q7A7F8_POSITIVE_LIPO_2	LIPO(Sec/SPII)	0.000519	0.000064	0.999142	0.000276	CS pos: 22-23. IGG-CG. Pr: 0.9997
Q99XB4_POSITIVE_LIPO_3	LIPO(Sec/SPII)	0.000654	0.000083	0.999060	0.000203	CS pos: 23-24. VAG-CG. Pr: 0.9996
Q2FF36_POSITIVE_LIPO_3	LIPO(Sec/SPII)	0.000365	0.000066	0.999252	0.000316	CS pos: 19-20. LAG-CD. Pr: 0.9999
Q6GC45_POSITIVE_LIPO_4	LIPO(Sec/SPII)	0.000773	0.000055	0.998976	0.000197	CS pos: 22-23. IIG-CD. Pr: 0.9994
P0DC87_POSITIVE_LIPO_4	LIPO(Sec/SPII)	0.015979	0.000177	0.980440	0.003403	CS pos: 25-26. LVA-CG. Pr: 0.9807
Q6GC48_POSITIVE_LIPO_4	LIPO(Sec/SPII)	0.000403	0.000052	0.999337	0.000208	CS pos: 22-23. IAG-CG. Pr: 0.9998
C1FNE4_POSITIVE_LIPO_3	LIPO(Sec/SPII)	0.002684	0.000103	0.997021	0.000192	CS pos: 22-23. FTA-CD. Pr: 0.9978
Q6GFL5_POSITIVE_LIPO_1	LIPO(Sec/SPII)	0.015180	0.000182	0.984206	0.000432	CS pos: 20-21. LGA-CG. Pr: 0.9847
A5N4J2_POSITIVE_LIPO_1	LIPO(Sec/SPII)	0.001817	0.000105	0.997824	0.000255	CS pos: 22-23. VTG-CN. Pr: 0.9984
P0DD43_POSITIVE_LIPO_1	LIPO(Sec/SPII)	0.000847	0.000109	0.998740	0.000304	CS pos: 22-23. LAA-CQ. Pr: 0.9995
Q7A887_POSITIVE_LIPO_3	LIPO(Sec/SPII)	0.001141	0.000089	0.998553	0.000217	CS pos: 23-24. TAG-CG. Pr: 0.9991
Q5HJS3_POSITIVE_LIPO_3	LIPO(Sec/SPII)	0.001141	0.000089	0.998553	0.000217	CS pos: 23-24. TAG-CG. Pr: 0.9991
Q2FVQ2_POSITIVE_LIPO_2	LIPO(Sec/SPII)	0.000394	0.000051	0.999411	0.000144	CS pos: 17-18. LAA-CG. Pr: 0.9998
Q5HJS2_POSITIVE_LIPO_0	LIPO(Sec/SPII)	0.001075	0.000081	0.998621	0.000223	CS pos: 24-25. TAG-CG. Pr: 0.9991
Q7A883_POSITIVE_LIPO_3	LIPO(Sec/SPII)	0.001045	0.000106	0.998612	0.000238	CS pos: 23-24. TAG-CG. Pr: 0.9991
Q6GD27_POSITIVE_LIPO_3	LIPO(Sec/SPII)	0.001141	0.000089	0.998553	0.000217	CS pos: 23-24. TAG-CG. Pr: 0.9991
Q99WG6_POSITIVE_LIPO_4	LIPO(Sec/SPII)	0.000580	0.000045	0.999213	0.000162	CS pos: 22-23. IAG-CG. Pr: 0.9996
Q6G6I8_POSITIVE_LIPO_0	LIPO(Sec/SPII)	0.000527	0.000054	0.999186	0.000233	CS pos: 22-23. IGA-CG. Pr: 0.9994
Q5HDI7_POSITIVE_LIPO_2	LIPO(Sec/SPII)	0.000394	0.000051	0.999411	0.000144	CS pos: 17-18. LAA-CG. Pr: 0.9998
A5IUN6_POSITIVE_LIPO_3	LIPO(Sec/SPII)	0.000365	0.000066	0.999252	0.000316	CS pos: 19-20. LAG-CD. Pr: 0.9999
C1CTN0_POSITIVE_LIPO_3	LIPO(Sec/SPII)	0.000921	0.000107	0.998471	0.000501	CS pos: 22-23. LTG-CV. Pr: 0.9992
Q5HJR9_POSITIVE_LIPO_3	LIPO(Sec/SPII)	0.001071	0.000102	0.998582	0.000245	CS pos: 23-24. TAG-CG. Pr: 0.9991
Q5HIN6_POSITIVE_LIPO_3	LIPO(Sec/SPII)	0.000492	0.000056	0.999260	0.000192	CS pos: 22-23. IAG-CG. Pr: 0.9997
Q6GD25_POSITIVE_LIPO_0	LIPO(Sec/SPII)	0.001051	0.000109	0.998530	0.000311	CS pos: 22-23. IGG-CG. Pr: 0.9991
Q2FJJ8_POSITIVE_LIPO_4	LIPO(Sec/SPII)	0.000433	0.000060	0.999187	0.000320	CS pos: 22-23. IVG-CR. Pr: 0.9998
Q2FJJ6_POSITIVE_LIPO_3	LIPO(Sec/SPII)	0.000413	0.000056	0.999261	0.000271	CS pos: 22-23. IGG-CG. Pr: 0.9998
Q2G1P8_POSITIVE_LIPO_3	LIPO(Sec/SPII)	0.001071	0.000102	0.998582	0.000245	CS pos: 23-24. TAG-CG. Pr: 0.9991
Q2G1Q1_POSITIVE_LIPO_3	LIPO(Sec/SPII)	0.001141	0.000089	0.998553	0.000217	CS pos: 23-24. TAG-CG. Pr: 0.9991
Q99XB3_POSITIVE_LIPO_3	LIPO(Sec/SPII)	0.000951	0.000089	0.998758	0.000202	CS pos: 23-24. TAG-CG. Pr: 0.9992
Q8NYU2_POSITIVE_LIPO_3	LIPO(Sec/SPII)	0.001141	0.000089	0.998553	0.000217	CS pos: 23-24. TAG-CG. Pr: 0.9991
Q8P2D8_POSITIVE_LIPO_1	LIPO(Sec/SPII)	0.002995	0.000492	0.995550	0.000962	CS pos: 23-24. LTG-CV. Pr: 0.9964
Q2FKF9_POSITIVE_LIPO_4	LIPO(Sec/SPII)	0.000974	0.000094	0.998708	0.000225	CS pos: 23-24. TAG-CG. Pr: 0.9992
Q2FKG1_POSITIVE_LIPO_3	LIPO(Sec/SPII)	0.001141	0.000089	0.998553	0.000217	CS pos: 23-24. TAG-CG. Pr: 0.9991
Q99RQ9_POSITIVE_LIPO_0	LIPO(Sec/SPII)	0.000384	0.000050	0.999423	0.000143	CS pos: 17-18. LAA-CG. Pr: 0.9998
Q2G131_POSITIVE_LIPO_4	LIPO(Sec/SPII)	0.000480	0.000073	0.999161	0.000285	CS pos: 17-18. IAA-CG. Pr: 0.9997
Q6GJX5_POSITIVE_LIPO_4	LIPO(Sec/SPII)	0.000480	0.000073	0.999161	0.000285	CS pos: 17-18. IAA-CG. Pr: 0.9997
Q6GC44_POSITIVE_LIPO_3	LIPO(Sec/SPII)	0.000413	0.000056	0.999261	0.000271	CS pos: 22-23. IGG-CG. Pr: 0.9998
P0DC89_POSITIVE_LIPO_1	LIPO(Sec/SPII)	0.002995	0.000492	0.995550	0.000962	CS pos: 23-24. LTG-CV. Pr: 0.9964
A6QIT4_POSITIVE_LIPO_3	LIPO(Sec/SPII)	0.000365	0.000066	0.999252	0.000316	CS pos: 19-20. LAG-CD. Pr: 0.9999
Q99WG1_POSITIVE_LIPO_2	LIPO(Sec/SPII)	0.000532	0.000055	0.999215	0.000199	CS pos: 22-23. VAG-CG. Pr: 0.9997
Q99WG3_POSITIVE_LIPO_2	LIPO(Sec/SPII)	0.003104	0.000236	0.995657	0.001002	CS pos: 16-17. ASG-CS. Pr: 0.9962
Q2FVC4_POSITIVE_LIPO_1	LIPO(Sec/SPII)	0.000604	0.000101	0.998991	0.000304	CS pos: 22-23. IGA-CG. Pr: 0.9993
A7X4S6_POSITIVE_LIPO_3	LIPO(Sec/SPII)	0.000365	0.000066	0.999252	0.000316	CS pos: 19-20. LAG-CD. Pr: 0.9999
Q6G7M0_POSITIVE_LIPO_3	LIPO(Sec/SPII)	0.000365	0.000066	0.999252	0.000316	CS pos: 19-20. LAG-CD. Pr: 0.9999
Q8NUV6_POSITIVE_LIPO_0	LIPO(Sec/SPII)	0.000608	0.000133	0.998845	0.000413	CS pos: 22-23. ISA-CG. Pr: 0.9996
Q2FE15_POSITIVE_LIPO_0	LIPO(Sec/SPII)	0.002892	0.000058	0.996493	0.000556	CS pos: 22-23. IGG-CV. Pr: 0.9969
Q5HIN4_POSITIVE_LIPO_1	LIPO(Sec/SPII)	0.000424	0.000033	0.999430	0.000113	CS pos: 20-21. MAG-CE. Pr: 0.9998
Q8NY37_POSITIVE_LIPO_3	LIPO(Sec/SPII)	0.000787	0.000050	0.998987	0.000176	CS pos: 22-23. IMG-CD. Pr: 0.9994
Q7A7G5_POSITIVE_LIPO_1	LIPO(Sec/SPII)	0.000709	0.000050	0.999064	0.000177	CS pos: 22-23. IIG-CD. Pr: 0.9995
P9WK81_POSITIVE_LIPO_3	LIPO(Sec/SPII)	0.002444	0.003113	0.991554	0.002889	CS pos: 32-33. IGG-CT. Pr: 0.9923
P9WK71_POSITIVE_LIPO_1	LIPO(Sec/SPII)	0.135023	0.084706	0.779045	0.001225	CS pos: 28-29. LPA-CS. Pr: 0.7678
P9WK77_POSITIVE_LIPO_0	LIPO(Sec/SPII)	0.009006	0.019461	0.968064	0.003468	CS pos: 28-29. LAG-CA. Pr: 0.9693
P9WK78_POSITIVE_LIPO_2	LIPO(Sec/SPII)	0.003609	0.004070	0.989719	0.002601	CS pos: 32-33. IGG-CT. Pr: 0.9901
Q9AD92_POSITIVE_SP_3	SP(Sec/SPI)	0.930211	0.049225	0.010676	0.009888	CS pos: 25-26. AVA-DS. Pr: 0.5243
P0C2S5_POSITIVE_SP_1	SP(Sec/SPI)	0.991896	0.006425	0.001108	0.000571	CS pos: 27-28. AFA-GP. Pr: 0.9490
P71451_POSITIVE_SP_3	SP(Sec/SPI)	0.895540	0.003528	0.092271	0.008661	CS pos: 34-35. VQA-ES. Pr: 0.8662
P0DJM0_POSITIVE_SP_4	SP(Sec/SPI)	0.987177	0.002953	0.007485	0.002385	CS pos: 35-36. AQA-AT. Pr: 0.8795
P9WP43_POSITIVE_SP_0	SP(Sec/SPI)	0.951080	0.042793	0.004293	0.001834	CS pos: 32-33. AHA-DP. Pr: 0.8632
P02976_POSITIVE_SP_2	SP(Sec/SPI)	0.986537	0.008981	0.003804	0.000678	CS pos: 36-37. ANA-AQ. Pr: 0.9494
O53361_POSITIVE_SP_1	SP(Sec/SPI)	0.676207	0.089299	0.024430	0.210065	CS pos: 43-44. GLA-AS. Pr: 0.2074
Q9KYG7_POSITIVE_SP_3	SP(Sec/SPI)	0.538763	0.456660	0.003291	0.001287	CS pos: 35-36. VAA-AD. Pr: 0.1588
A0A0H3K686_POSITIVE_SP_2	SP(Sec/SPI)	0.986537	0.008981	0.003804	0.000678	CS pos: 36-37. ANA-AQ. Pr: 0.9494
P0C2E9_POSITIVE_SP_3	SP(Sec/SPI)	0.981067	0.001661	0.009525	0.007746	CS pos: 28-29. SFS-KD. Pr: 0.6464
P80069_POSITIVE_SP_1	SP(Sec/SPI)	0.576571	0.403249	0.018819	0.001362	CS pos: 39-40. ANA-DP. Pr: 0.6809
Q9L1J9_POSITIVE_SP_0	SP(Sec/SPI)	0.995531	0.002878	0.001212	0.000380	CS pos: 23-24. AFA-DA. Pr: 0.7293
Q9X9Z2_POSITIVE_SP_0	SP(Sec/SPI)	0.952527	0.031523	0.013505	0.002445	CS pos: 27-28. ASA-TD. Pr: 0.5154
Q9KYH3_POSITIVE_SP_0	SP(Sec/SPI)	0.838106	0.145832	0.005748	0.010314	CS pos: 27-28. AMA-DA. Pr: 0.4063
O85465_POSITIVE_SP_1	SP(Sec/SPI)	0.986991	0.000473	0.011183	0.001353	CS pos: 25-26. TTA-AD. Pr: 0.5604
Q934F8_POSITIVE_SP_3	SP(Sec/SPI)	0.989942	0.007361	0.002284	0.000413	CS pos: 28-29. AMA-IG. Pr: 0.7858
Q05044_POSITIVE_SP_0	SP(Sec/SPI)	0.932816	0.057820	0.007745	0.001619	CS pos: 30-31. ASA-KS. Pr: 0.3625
Q5HCY1_POSITIVE_SP_3	SP(Sec/SPI)	0.994875	0.002931	0.001546	0.000648	CS pos: 29-30. AHA-AE. Pr: 0.9855
P60158_POSITIVE_SP_3	SP(Sec/SPI)	0.994875	0.002931	0.001546	0.000648	CS pos: 29-30. AHA-AE. Pr: 0.9855
P0A5Q5_POSITIVE_SP_1	SP(Sec/SPI)	0.889733	0.000381	0.109658	0.000228	CS pos: 23-24. ATA-AP. Pr: 0.8122
Q7AY50_POSITIVE_SP_2	SP(Sec/SPI)	0.976146	0.019819	0.003315	0.000720	CS pos: 28-29. ALA-IG. Pr: 0.8125
P12690_POSITIVE_SP_0	SP(Sec/SPI)	0.865414	0.128882	0.003737	0.001966	CS pos: 27-28. AGA-AT. Pr: 0.2646
P06886_POSITIVE_SP_4	SP(Sec/SPI)	0.614507	0.005558	0.347108	0.032826	CS pos: 40-41. AKA-ST. Pr: 0.2557
P01551_POSITIVE_SP_2	SP(Sec/SPI)	0.772636	0.219944	0.005976	0.001444	CS pos: 33-34. AFA-AP. Pr: 0.5841
Q7M1T6_POSITIVE_SP_3	SP(Sec/SPI)	0.988069	0.003043	0.000952	0.007937	CS pos: 32-33. VFA-DD. Pr: 0.9824
P0A3G5_POSITIVE_NO_SP_1	OTHER	0.017079	0.000752	0.006153	0.976015	
P59676_POSITIVE_NO_SP_4	OTHER	0.056535	0.001316	0.007697	0.934452	
P14677_POSITIVE_NO_SP_4	OTHER	0.056535	0.001316	0.007697	0.934452	
P54396_POSITIVE_NO_SP_2	SP(Sec/SPI)	0.900247	0.005292	0.031247	0.063215	CS pos: 32-33. AMA-QK. Pr: 0.7270
P35874_POSITIVE_NO_SP_1	OTHER	0.002941	0.000146	0.002054	0.994859	
O34525_POSITIVE_NO_SP_1	SP(Sec/SPI)	0.772457	0.011729	0.011881	0.203933	CS pos: 34-35. VKG-AQ. Pr: 0.5420
P0A3S3_POSITIVE_NO_SP_1	LIPO(Sec/SPII)	0.356297	0.017166	0.421319	0.205218	CS pos: 21-22. STG-SY. Pr: 0.2763
P49785_POSITIVE_NO_SP_2	SP(Sec/SPI)	0.667822	0.004495	0.034249	0.293434	CS pos: 32-33. KNA-VQ. Pr: 0.1259
P47523_POSITIVE_NO_SP_3	SP(Sec/SPI)	0.620732	0.018405	0.049724	0.311138	CS pos: 46-47. GYA-LV. Pr: 0.2449
P71014_POSITIVE_NO_SP_0	SP(Sec/SPI)	0.994766	0.002776	0.001986	0.000472	CS pos: 28-29. SFA-AE. Pr: 0.9510
P96499_POSITIVE_NO_SP_4	OTHER	0.425703	0.007004	0.038010	0.529282	
P9WIU5_POSITIVE_NO_SP_3	OTHER	0.160449	0.029238	0.023802	0.786510	
P9WJS9_POSITIVE_NO_SP_2	SP(Sec/SPI)	0.512351	0.004323	0.084188	0.399137	CS pos: 27-28. IRG-FF. Pr: 0.1542
Q45612_POSITIVE_NO_SP_1	OTHER	0.249041	0.002214	0.008903	0.739842	
Q5L0X5_POSITIVE_NO_SP_3	OTHER	0.072062	0.002345	0.005129	0.920464	
Q794W0_POSITIVE_NO_SP_3	SP(Sec/SPI)	0.502606	0.004152	0.018736	0.474506	CS pos: 35-36. SEG-SS. Pr: 0.2185
Q81SZ9_POSITIVE_NO_SP_1	SP(Sec/SPI)	0.535976	0.004251	0.058726	0.401047	CS pos: 30-31. FFA-DK. Pr: 0.3969
Q7A0I6_POSITIVE_NO_SP_3	OTHER	0.001771	0.000242	0.003023	0.994964	
Q7WY78_POSITIVE_NO_SP_2	SP(Sec/SPI)	0.875528	0.022340	0.016031	0.086101	CS pos: 39-40. AYA-FV. Pr: 0.6865
Q8DP63_POSITIVE_NO_SP_0	OTHER	0.086343	0.001384	0.042942	0.869331	
Q5HDJ9_POSITIVE_NO_SP_4	OTHER	0.008213	0.000171	0.030623	0.960993	
P24282_POSITIVE_NO_SP_2	OTHER	0.060572	0.000911	0.157952	0.780564	
P0C2U3_POSITIVE_NO_SP_3	OTHER	0.011053	0.001939	0.000783	0.986224	
P0A0J8_POSITIVE_NO_SP_4	OTHER	0.056416	0.000349	0.002956	0.940279	
P14319_POSITIVE_NO_SP_4	OTHER	0.013296	0.000193	0.020655	0.965857	
P0C1R8_POSITIVE_NO_SP_2	OTHER	0.030264	0.000548	0.027617	0.941572	
P0A334_POSITIVE_NO_SP_0	OTHER	0.033725	0.004758	0.020403	0.941115	
P20166_POSITIVE_NO_SP_2	OTHER	0.376131	0.046938	0.061183	0.515749	
Q9CHL8_POSITIVE_NO_SP_1	OTHER	0.010738	0.000504	0.002153	0.986605	
P12287_POSITIVE_NO_SP_4	OTHER	0.002473	0.000389	0.005054	0.992083	
P18357_POSITIVE_NO_SP_3	OTHER	0.001088	0.000240	0.010009	0.988663	
P9WQ34_POSITIVE_NO_SP_4	OTHER	0.048554	0.005112	0.015321	0.931013	
P9WGK6_POSITIVE_NO_SP_0	OTHER	0.017761	0.006665	0.008328	0.967246	
P9WGF1_POSITIVE_NO_SP_0	OTHER	0.065426	0.001683	0.030445	0.902447	
B3Y963_POSITIVE_NO_SP_1	OTHER	0.009983	0.000472	0.006081	0.983464	
Q9X1I9_POSITIVE_NO_SP_2	OTHER	0.042136	0.001745	0.001737	0.954383	
Q9WYU9_POSITIVE_NO_SP_3	SP(Sec/SPI)	0.575051	0.002112	0.017636	0.405200	CS pos: 33-34. GGA-SE. Pr: 0.1852
Q9WYC3_POSITIVE_NO_SP_3	OTHER	0.178578	0.000593	0.092323	0.728506	
Q9WYC4_POSITIVE_NO_SP_0	OTHER	0.004542	0.002713	0.005401	0.987343	
Q03NM0_POSITIVE_NO_SP_1	OTHER	0.177764	0.002128	0.007707	0.812401	
Q5M4H8_POSITIVE_NO_SP_4	OTHER	0.006351	0.000521	0.001844	0.991283	
A9VEV6_POSITIVE_NO_SP_1	OTHER	0.031858	0.000455	0.006349	0.961338	
B1YFV8_POSITIVE_NO_SP_0	OTHER	0.010159	0.003869	0.008582	0.977390	
Q59166_POSITIVE_NO_SP_1	SP(Sec/SPI)	0.351821	0.296080	0.046868	0.305230	CS pos: 32-33. GFA-AG. Pr: 0.2588
Q9RMB5_POSITIVE_NO_SP_2	OTHER	0.076656	0.277592	0.003192	0.642561	
Q8R9C0_POSITIVE_NO_SP_1	OTHER	0.145093	0.014071	0.075410	0.765427	
O31533_POSITIVE_NO_SP_2	OTHER	0.024892	0.000427	0.013073	0.961608	
O31671_POSITIVE_NO_SP_2	OTHER	0.116243	0.001166	0.008621	0.873969	
O34757_POSITIVE_NO_SP_3	OTHER	0.001605	0.000144	0.049877	0.948374	
O34952_POSITIVE_NO_SP_2	OTHER	0.006130	0.000154	0.008586	0.985130	
O31539_POSITIVE_NO_SP_4	OTHER	0.001740	0.000189	0.004621	0.993451	
Q9X1B7_POSITIVE_NO_SP_3	OTHER	0.003524	0.000221	0.019147	0.977108	
P23545_POSITIVE_NO_SP_3	OTHER	0.256676	0.003096	0.086269	0.653959	
P35620_POSITIVE_NO_SP_0	OTHER	0.002490	0.000788	0.016563	0.980159	
P37475_POSITIVE_NO_SP_2	OTHER	0.002329	0.000233	0.000905	0.996533	
P9WHR9_POSITIVE_NO_SP_4	OTHER	0.046155	0.019377	0.021403	0.913065	
P9WJK3_POSITIVE_NO_SP_0	OTHER	0.097994	0.032687	0.017300	0.852019	
P9WNL5_POSITIVE_NO_SP_1	OTHER	0.263202	0.026039	0.025166	0.685593	
Q45614_POSITIVE_NO_SP_1	OTHER	0.200988	0.000531	0.008390	0.790091	
Q7A1I3_POSITIVE_NO_SP_1	OTHER	0.008585	0.000154	0.048829	0.942432	
Q7A2Q0_POSITIVE_NO_SP_2	OTHER	0.002547	0.000275	0.054745	0.942433	
Q7A3Q5_POSITIVE_NO_SP_0	OTHER	0.449986	0.001717	0.091224	0.457073	
Q9WZ49_POSITIVE_NO_SP_4	OTHER	0.093525	0.002040	0.008849	0.895585	
Q9X0M7_POSITIVE_NO_SP_0	OTHER	0.363906	0.016294	0.124965	0.494834	
P0A4Q0_POSITIVE_NO_SP_1	OTHER	0.059697	0.000959	0.020871	0.918473	
P50738_POSITIVE_NO_SP_2	OTHER	0.001165	0.000098	0.001089	0.997647	
C8WLM1_POSITIVE_TATLIPO_4	TAT(Tat/SPI)	0.002503	0.966670	0.030445	0.000382	CS pos: 48-49. AQA-QT. Pr: 0.5590
Q8VPD4_POSITIVE_TAT_3	TAT(Tat/SPI)	0.014669	0.984730	0.000422	0.000179	CS pos: 38-39. APA-RT. Pr: 0.4053
P9WIB5_POSITIVE_TAT_3	TAT(Tat/SPI)	0.008550	0.990198	0.000326	0.000926	CS pos: 40-41. AYG-AG. Pr: 0.5192
A0A369NIV7_POSITIVE_TAT_2	TAT(Tat/SPI)	0.004522	0.995223	0.000148	0.000107	CS pos: 34-35. ALA-EE. Pr: 0.9807
I6XEI5_POSITIVE_TAT_3	TAT(Tat/SPI)	0.048970	0.941170	0.005307	0.004553	CS pos: 35-36. ASA-GS. Pr: 0.6051
P9WIB1_POSITIVE_TAT_4	TAT(Tat/SPI)	0.005839	0.993260	0.000383	0.000519	CS pos: 41-42. AYG-AG. Pr: 0.4598
P22222_POSITIVE_TAT_2	SP(Sec/SPI)	0.582052	0.412547	0.004002	0.001399	CS pos: 36-37. ASA-VP. Pr: 0.7590
Q9AD93_POSITIVE_TAT_2	SP(Sec/SPI)	0.700828	0.294076	0.004254	0.000842	CS pos: 28-29. AHA-DS. Pr: 0.8436
P9WIB2_POSITIVE_TAT_0	TAT(Tat/SPI)	0.002813	0.996506	0.000245	0.000437	CS pos: 41-42. AYG-AG. Pr: 0.6028
P46911_POSITIVE_TAT_3	TAT(Tat/SPI)	0.046086	0.905981	0.002374	0.045559	CS pos: 36-37. RFA-LD. Pr: 0.7358
C8WLC6_POSITIVE_TAT_1	TAT(Tat/SPI)	0.004522	0.995223	0.000148	0.000107	CS pos: 34-35. ALA-EE. Pr: 0.9807
Q45657_POSITIVE_TAT_3	TAT(Tat/SPI)	0.038255	0.789714	0.005979	0.166051	CS pos: 37-38. RFA-FD. Pr: 0.5813
Q9RI72_POSITIVE_TAT_2	TAT(Tat/SPI)	0.016384	0.982414	0.000382	0.000820	CS pos: 49-50. AHA-AT. Pr: 0.9846
P0CZ01_POSITIVE_TAT_1	TAT(Tat/SPI)	0.009677	0.989137	0.000871	0.000314	CS pos: 32-33. AIA-AP. Pr: 0.8104
P9WP40_POSITIVE_TAT_0	TAT(Tat/SPI)	0.146588	0.836631	0.007254	0.009527	CS pos: 32-33. VPA-GY. Pr: 0.4168
P0A5R9_POSITIVE_TAT_4	TAT(Tat/SPI)	0.001279	0.998042	0.000268	0.000411	CS pos: 39-40. AYG-AG. Pr: 0.5907
P9WL81_POSITIVE_TAT_1	TAT(Tat/SPI)	0.000619	0.997996	0.000422	0.000963	CS pos: 52-53. GPA-VW. Pr: 0.4817
P9WM44_POSITIVE_TAT_3	TAT(Tat/SPI)	0.196112	0.802813	0.000747	0.000327	CS pos: 35-36. ANA-AD. Pr: 0.9547
P0A5E2_POSITIVE_TAT_4	TAT(Tat/SPI)	0.196112	0.802813	0.000747	0.000327	CS pos: 35-36. ANA-AD. Pr: 0.9547
P9WQP3_POSITIVE_TAT_4	TAT(Tat/SPI)	0.137075	0.837983	0.008355	0.016587	CS pos: 43-44. AGA-FS. Pr: 0.4209
P9WQP2_POSITIVE_TAT_4	TAT(Tat/SPI)	0.137075	0.837983	0.008355	0.016587	CS pos: 43-44. AGA-FS. Pr: 0.4209
