# SignalP-5.0	Organism: Gram-positive	Timestamp: 20210103115859
# ID	Prediction	SP(Sec/SPI)	TAT(Tat/SPI)	LIPO(Sec/SPII)	OTHER	CS Position
Q7PC63_POSITIVE_NO_SP_2	OTHER	0.003618	0.000137	0.000362	0.995883	
G3KIM8_POSITIVE_NO_SP_2	OTHER	0.003031	0.000378	0.000614	0.995977	
Q9ZN78_POSITIVE_NO_SP_2	OTHER	0.003808	0.002737	0.000454	0.993001	
P0A006_POSITIVE_NO_SP_1	OTHER	0.041435	0.000707	0.009343	0.948516	
Q9R9H8_POSITIVE_NO_SP_1	OTHER	0.032044	0.000738	0.002108	0.965110	
H6LGM6_POSITIVE_NO_SP_2	OTHER	0.013878	0.006477	0.000459	0.979186	
P26901_POSITIVE_NO_SP_2	OTHER	0.011539	0.001316	0.001399	0.985746	
H6LGM8_POSITIVE_NO_SP_2	OTHER	0.082738	0.000429	0.004139	0.912694	
Q8RJB2_POSITIVE_NO_SP_2	OTHER	0.012355	0.000367	0.003265	0.984012	
H6LGM7_POSITIVE_NO_SP_2	OTHER	0.008337	0.000302	0.000916	0.990445	
O32049_POSITIVE_NO_SP_2	OTHER	0.001620	0.000123	0.000272	0.997986	
Q9F8A8_POSITIVE_NO_SP_1	OTHER	0.130720	0.014004	0.006008	0.849267	
P59934_POSITIVE_NO_SP_1	OTHER	0.139512	0.008590	0.007171	0.844727	
P54475_POSITIVE_NO_SP_0	OTHER	0.004626	0.000357	0.000530	0.994487	
P32081_POSITIVE_NO_SP_2	OTHER	0.003806	0.001006	0.000451	0.994738	
P37584_POSITIVE_NO_SP_1	OTHER	0.003596	0.000286	0.000408	0.995711	
P18326_POSITIVE_NO_SP_2	OTHER	0.025702	0.004050	0.010001	0.960247	
P08821_POSITIVE_NO_SP_0	OTHER	0.005056	0.000508	0.001277	0.993159	
Q8NTE1_POSITIVE_NO_SP_0	OTHER	0.056877	0.004839	0.005053	0.933231	
A0QVQ8_POSITIVE_NO_SP_2	OTHER	0.008003	0.005434	0.000785	0.985778	
P37573_POSITIVE_NO_SP_2	OTHER	0.027369	0.009393	0.002093	0.961145	
P71021_POSITIVE_NO_SP_0	OTHER	0.001478	0.000238	0.000218	0.998065	
P09124_POSITIVE_NO_SP_2	OTHER	0.005255	0.000162	0.000350	0.994233	
P51835_POSITIVE_NO_SP_2	OTHER	0.003612	0.000316	0.000402	0.995670	
P94531_POSITIVE_NO_SP_0	OTHER	0.005363	0.000296	0.000746	0.993596	
Q7A338_POSITIVE_NO_SP_1	OTHER	0.003819	0.000162	0.000557	0.995462	
P9WKH1_POSITIVE_NO_SP_1	OTHER	0.023686	0.015136	0.002907	0.958271	
B2HSU9_POSITIVE_NO_SP_2	OTHER	0.127430	0.161497	0.015981	0.695092	
A0QNI5_POSITIVE_NO_SP_1	OTHER	0.005827	0.000467	0.001035	0.992670	
G3KIM6_POSITIVE_NO_SP_2	OTHER	0.001777	0.000213	0.000323	0.997687	
G3KIM7_POSITIVE_NO_SP_2	OTHER	0.020213	0.001119	0.001364	0.977304	
P37214_POSITIVE_NO_SP_1	OTHER	0.007524	0.001288	0.001565	0.989623	
P0C050_POSITIVE_NO_SP_1	OTHER	0.001941	0.000103	0.000302	0.997654	
P71590_POSITIVE_NO_SP_2	OTHER	0.004830	0.001421	0.000783	0.992966	
Q2FYR2_POSITIVE_NO_SP_1	OTHER	0.012423	0.000339	0.000745	0.986493	
B2HSU5_POSITIVE_NO_SP_2	OTHER	0.007864	0.001246	0.000891	0.989999	
P74838_POSITIVE_NO_SP_1	OTHER	0.003404	0.000361	0.000658	0.995577	
P37553_POSITIVE_NO_SP_1	OTHER	0.006226	0.000306	0.001956	0.991512	
Q797E6_POSITIVE_NO_SP_1	OTHER	0.003480	0.000209	0.001175	0.995137	
O06974_POSITIVE_NO_SP_2	OTHER	0.027969	0.004544	0.014698	0.952789	
P46919_POSITIVE_NO_SP_0	SP(Sec/SPI)	0.568497	0.002826	0.057280	0.371398	CS pos: 31-32. VWA-HR. Pr: 0.3384
C5C7X8_POSITIVE_NO_SP_0	OTHER	0.039595	0.010147	0.005481	0.944776	
Q59556_POSITIVE_NO_SP_2	OTHER	0.004909	0.002393	0.000766	0.991933	
C5C7X9_POSITIVE_NO_SP_1	OTHER	0.011564	0.001000	0.001326	0.986110	
Q2FZE2_POSITIVE_NO_SP_2	OTHER	0.002024	0.000226	0.000347	0.997403	
Q9CGF7_POSITIVE_NO_SP_2	OTHER	0.013111	0.000387	0.002979	0.983523	
A1C3L9_POSITIVE_NO_SP_1	OTHER	0.013500	0.001349	0.002619	0.982532	
P94552_POSITIVE_NO_SP_0	OTHER	0.004591	0.000158	0.000400	0.994851	
Q9KWG2_POSITIVE_NO_SP_2	OTHER	0.011190	0.001324	0.001635	0.985851	
P11018_POSITIVE_NO_SP_1	OTHER	0.030015	0.000304	0.000853	0.968828	
P9WIP7_POSITIVE_NO_SP_2	OTHER	0.010630	0.001402	0.000985	0.986983	
O34484_POSITIVE_NO_SP_2	OTHER	0.008449	0.001716	0.001516	0.988319	
P19994_POSITIVE_NO_SP_2	OTHER	0.010251	0.001454	0.001384	0.986911	
P42450_POSITIVE_NO_SP_1	OTHER	0.004619	0.001699	0.000518	0.993164	
O34543_POSITIVE_NO_SP_1	OTHER	0.011802	0.000482	0.001257	0.986459	
O34689_POSITIVE_NO_SP_1	OTHER	0.008942	0.000299	0.001566	0.989194	
P96692_POSITIVE_NO_SP_2	OTHER	0.002245	0.001532	0.000484	0.995740	
O34842_POSITIVE_NO_SP_1	OTHER	0.003123	0.000248	0.000790	0.995839	
P96693_POSITIVE_NO_SP_1	OTHER	0.016028	0.000310	0.000992	0.982669	
G2K449_POSITIVE_NO_SP_2	OTHER	0.005575	0.000746	0.000637	0.993042	
P54462_POSITIVE_NO_SP_2	OTHER	0.010412	0.000671	0.006346	0.982571	
P37524_POSITIVE_NO_SP_2	OTHER	0.004750	0.000726	0.000665	0.993859	
Q9L9F1_POSITIVE_NO_SP_1	OTHER	0.027108	0.074359	0.004409	0.894123	
P20964_POSITIVE_NO_SP_2	OTHER	0.015955	0.001438	0.002896	0.979710	
Q5HJF4_POSITIVE_NO_SP_2	OTHER	0.003741	0.000313	0.001076	0.994871	
O34825_POSITIVE_NO_SP_2	OTHER	0.003978	0.000300	0.001058	0.994664	
O34877_POSITIVE_NO_SP_1	OTHER	0.004734	0.000330	0.001070	0.993866	
O34787_POSITIVE_NO_SP_2	OTHER	0.004408	0.000336	0.000952	0.994303	
O31782_POSITIVE_NO_SP_1	OTHER	0.014207	0.012788	0.003045	0.969960	
Q04J42_POSITIVE_NO_SP_2	OTHER	0.007105	0.001069	0.000464	0.991363	
P40805_POSITIVE_NO_SP_1	OTHER	0.014236	0.000311	0.002338	0.983115	
Q05470_POSITIVE_NO_SP_1	OTHER	0.009682	0.000217	0.001090	0.989011	
Q02VB0_POSITIVE_NO_SP_1	OTHER	0.004476	0.000222	0.000560	0.994742	
A0QZ12_POSITIVE_NO_SP_1	OTHER	0.006307	0.001155	0.001274	0.991264	
O34769_POSITIVE_NO_SP_2	OTHER	0.004027	0.000186	0.000642	0.995145	
P40830_POSITIVE_NO_SP_2	OTHER	0.003346	0.000645	0.000631	0.995379	
P40802_POSITIVE_NO_SP_1	OTHER	0.005696	0.000317	0.000486	0.993500	
P40806_POSITIVE_NO_SP_2	OTHER	0.013187	0.000462	0.002026	0.984325	
P40872_POSITIVE_NO_SP_1	OTHER	0.002989	0.000173	0.000400	0.996438	
O31784_POSITIVE_NO_SP_2	OTHER	0.011252	0.000878	0.003422	0.984448	
P83221_POSITIVE_NO_SP_0	OTHER	0.004790	0.000305	0.000545	0.994360	
Q9Z4P6_POSITIVE_NO_SP_2	OTHER	0.013997	0.000360	0.003877	0.981767	
Q9Z4Q7_POSITIVE_NO_SP_1	OTHER	0.012082	0.001993	0.000809	0.985116	
O31749_POSITIVE_NO_SP_0	OTHER	0.015495	0.000290	0.002183	0.982032	
P05651_POSITIVE_NO_SP_0	OTHER	0.006144	0.000303	0.000746	0.992807	
P45870_POSITIVE_NO_SP_2	OTHER	0.006505	0.000462	0.000851	0.992182	
P42095_POSITIVE_NO_SP_2	OTHER	0.007477	0.002069	0.001190	0.989264	
O34748_POSITIVE_NO_SP_1	OTHER	0.033695	0.001634	0.002796	0.961874	
P0CI78_POSITIVE_NO_SP_1	OTHER	0.017801	0.001466	0.004119	0.976614	
O31760_POSITIVE_NO_SP_1	OTHER	0.003697	0.000102	0.000378	0.995823	
P37547_POSITIVE_NO_SP_1	OTHER	0.004452	0.000366	0.000824	0.994358	
O34857_POSITIVE_NO_SP_2	OTHER	0.002900	0.000639	0.000569	0.995892	
P35154_POSITIVE_NO_SP_1	OTHER	0.001080	0.000064	0.000211	0.998644	
P35155_POSITIVE_NO_SP_1	OTHER	0.011130	0.000289	0.003849	0.984731	
A0QNH4_POSITIVE_NO_SP_0	OTHER	0.005486	0.001525	0.001005	0.991985	
A0QNH6_POSITIVE_NO_SP_0	OTHER	0.046789	0.009166	0.005861	0.938184	
O34889_POSITIVE_NO_SP_2	OTHER	0.035365	0.000643	0.007312	0.956680	
O32242_POSITIVE_NO_SP_2	OTHER	0.013204	0.001951	0.001030	0.983815	
C0SP86_POSITIVE_NO_SP_2	OTHER	0.018077	0.002436	0.005849	0.973638	
O31728_POSITIVE_NO_SP_1	OTHER	0.013176	0.004425	0.002438	0.979961	
P54375_POSITIVE_NO_SP_1	OTHER	0.004598	0.000217	0.000506	0.994680	
P37105_POSITIVE_NO_SP_0	OTHER	0.001716	0.000276	0.000285	0.997724	
Q9L524_POSITIVE_NO_SP_2	OTHER	0.001191	0.000151	0.000213	0.998446	
P51834_POSITIVE_NO_SP_0	OTHER	0.011139	0.001806	0.002294	0.984761	
C0SPB6_POSITIVE_NO_SP_2	OTHER	0.064340	0.025700	0.005677	0.904283	
Q9EYW6_POSITIVE_NO_SP_1	OTHER	0.005984	0.000137	0.000745	0.993134	
O31625_POSITIVE_NO_SP_2	OTHER	0.005911	0.000571	0.001038	0.992480	
O32266_POSITIVE_NO_SP_1	OTHER	0.045819	0.002819	0.001933	0.949429	
Q8Y678_POSITIVE_NO_SP_2	OTHER	0.003865	0.000474	0.000387	0.995274	
O05516_POSITIVE_NO_SP_2	OTHER	0.009963	0.000533	0.001100	0.988404	
O05515_POSITIVE_NO_SP_2	OTHER	0.025816	0.002244	0.002212	0.969727	
O53193_POSITIVE_NO_SP_1	OTHER	0.002282	0.000153	0.000601	0.996964	
P39795_POSITIVE_NO_SP_1	OTHER	0.006564	0.000111	0.000582	0.992743	
Q6MX39_POSITIVE_NO_SP_1	OTHER	0.002152	0.000699	0.000984	0.996165	
A5TZU0_POSITIVE_NO_SP_2	OTHER	0.003002	0.000364	0.000361	0.996273	
P37466_POSITIVE_NO_SP_2	OTHER	0.003696	0.000915	0.000613	0.994776	
Q9S426_POSITIVE_NO_SP_1	OTHER	0.016004	0.011431	0.002457	0.970108	
A0R006_POSITIVE_NO_SP_0	OTHER	0.004986	0.000608	0.000366	0.994041	
O69231_POSITIVE_NO_SP_1	OTHER	0.005932	0.000938	0.000890	0.992239	
P81102_POSITIVE_NO_SP_2	OTHER	0.003344	0.000642	0.000338	0.995676	
O31537_POSITIVE_NO_SP_2	OTHER	0.007137	0.000830	0.000594	0.991439	
O31601_POSITIVE_NO_SP_1	OTHER	0.003432	0.000267	0.000319	0.995982	
P9WFF5_POSITIVE_NO_SP_2	OTHER	0.010127	0.001723	0.002003	0.986147	
P13128_POSITIVE_SP_1	SP(Sec/SPI)	0.981463	0.001192	0.015034	0.002311	CS pos: 24-25. TEA-KD. Pr: 0.7396
A0P8X0_POSITIVE_SP_1	SP(Sec/SPI)	0.979324	0.018670	0.001273	0.000734	CS pos: 31-32. VSA-DI. Pr: 0.8882
P33379_POSITIVE_SP_1	SP(Sec/SPI)	0.861716	0.013696	0.089012	0.035576	CS pos: 29-30. IFA-AT. Pr: 0.8105
P19584_POSITIVE_SP_2	SP(Sec/SPI)	0.978178	0.012986	0.004453	0.004384	CS pos: 32-33. ANA-SI. Pr: 0.8891
P19571_POSITIVE_SP_2	SP(Sec/SPI)	0.985395	0.002324	0.001411	0.010870	CS pos: 33-34. VEA-HH. Pr: 0.9334
P06279_POSITIVE_SP_2	SP(Sec/SPI)	0.979167	0.013677	0.005830	0.001325	CS pos: 34-35. AKA-AA. Pr: 0.9279
Q05884_POSITIVE_SP_1	SP(Sec/SPI)	0.813940	0.183604	0.001848	0.000608	CS pos: 33-34. ARA-DT. Pr: 0.9540
P9WIR7_POSITIVE_SP_0	SP(Sec/SPI)	0.576571	0.403249	0.018819	0.001362	CS pos: 39-40. ANA-DP. Pr: 0.6809
P00692_POSITIVE_SP_2	SP(Sec/SPI)	0.967841	0.008252	0.003274	0.020633	CS pos: 31-32. TSA-VN. Pr: 0.8802
P16950_POSITIVE_SP_2	SP(Sec/SPI)	0.951340	0.044606	0.002464	0.001590	CS pos: 31-32. AKA-ET. Pr: 0.9086
P17953_POSITIVE_SP_1	SP(Sec/SPI)	0.987337	0.003272	0.003428	0.005962	CS pos: 43-44. VQA-AE. Pr: 0.9505
Q44856_POSITIVE_SP_1	SP(Sec/SPI)	0.965770	0.012224	0.014168	0.007837	CS pos: 27-28. AAA-SS. Pr: 0.5000
P10425_POSITIVE_SP_1	SP(Sec/SPI)	0.994630	0.001608	0.002608	0.001154	CS pos: 30-31. VQA-SQ. Pr: 0.9629
P04190_POSITIVE_SP_1	SP(Sec/SPI)	0.994140	0.001904	0.002486	0.001470	CS pos: 30-31. VQA-SQ. Pr: 0.9636
P10424_POSITIVE_SP_1	SP(Sec/SPI)	0.965564	0.005180	0.010718	0.018538	CS pos: 35-36. VEA-KE. Pr: 0.8402
P15926_POSITIVE_SP_0	SP(Sec/SPI)	0.862717	0.005497	0.103794	0.027993	CS pos: 31-32. IKA-NT. Pr: 0.6646
P31835_POSITIVE_SP_2	SP(Sec/SPI)	0.995853	0.002410	0.001139	0.000598	CS pos: 27-28. VWA-SP. Pr: 0.9689
P0C2S1_POSITIVE_SP_1	SP(Sec/SPI)	0.991842	0.006529	0.000545	0.001084	CS pos: 27-28. VFA-LE. Pr: 0.9889
P31746_POSITIVE_SP_2	SP(Sec/SPI)	0.968584	0.023185	0.001180	0.007052	CS pos: 29-30. AEA-DV. Pr: 0.9599
P09121_POSITIVE_SP_2	SP(Sec/SPI)	0.998677	0.000578	0.000523	0.000223	CS pos: 27-28. VHA-AP. Pr: 0.9869
P17692_POSITIVE_SP_2	SP(Sec/SPI)	0.997065	0.002267	0.000481	0.000187	CS pos: 27-28. AQA-AP. Pr: 0.9861
P31797_POSITIVE_SP_2	SP(Sec/SPI)	0.959506	0.007390	0.022346	0.010758	CS pos: 31-32. VEA-AG. Pr: 0.8903
P10477_POSITIVE_SP_2	SP(Sec/SPI)	0.987961	0.001373	0.007257	0.003409	CS pos: 26-27. VAA-SP. Pr: 0.3987
P27050_POSITIVE_SP_2	SP(Sec/SPI)	0.977836	0.017305	0.000549	0.004310	CS pos: 30-31. ADA-AA. Pr: 0.8677
O07921_POSITIVE_SP_1	SP(Sec/SPI)	0.972724	0.007294	0.001795	0.018187	CS pos: 35-36. VFA-AG. Pr: 0.9381
P33665_POSITIVE_SP_1	SP(Sec/SPI)	0.934056	0.037036	0.020226	0.008681	CS pos: 35-36. TQA-ST. Pr: 0.1997
Q02113_POSITIVE_SP_2	SP(Sec/SPI)	0.998105	0.000424	0.000976	0.000495	CS pos: 25-26. SFA-AD. Pr: 0.9797
P40136_POSITIVE_SP_1	SP(Sec/SPI)	0.975784	0.005154	0.011953	0.007110	CS pos: 33-34. VNA-MN. Pr: 0.6094
P35150_POSITIVE_SP_1	SP(Sec/SPI)	0.993049	0.001082	0.002104	0.003765	CS pos: 27-28. AHA-AI. Pr: 0.9669
P39042_POSITIVE_SP_0	SP(Sec/SPI)	0.826116	0.157265	0.013599	0.003020	CS pos: 29-30. ATA-VT. Pr: 0.7373
P39045_POSITIVE_SP_1	SP(Sec/SPI)	0.867714	0.123760	0.002056	0.006470	CS pos: 44-45. ALA-DA. Pr: 0.7708
P39653_POSITIVE_SP_0	SP(Sec/SPI)	0.981632	0.005792	0.008555	0.004021	CS pos: 30-31. THA-DE. Pr: 0.9415
O82833_POSITIVE_SP_2	SP(Sec/SPI)	0.971265	0.006730	0.013392	0.008613	CS pos: 35-36. ASA-AS. Pr: 0.5018
P04635_POSITIVE_SP_1	SP(Sec/SPI)	0.876933	0.035265	0.072602	0.015200	CS pos: 38-39. AEA-ND. Pr: 0.8736
O88038_POSITIVE_SP_1	SP(Sec/SPI)	0.592334	0.009858	0.019543	0.378265	CS pos: 23-24. ETG-SR. Pr: 0.0530
P24121_POSITIVE_SP_2	SP(Sec/SPI)	0.932940	0.003098	0.016476	0.047486	CS pos: 35-36. SLA-AD. Pr: 0.7525
P23903_POSITIVE_SP_1	SP(Sec/SPI)	0.981731	0.014729	0.001381	0.002159	CS pos: 38-39. VQA-AG. Pr: 0.9595
Q6RUF5_POSITIVE_SP_1	SP(Sec/SPI)	0.938730	0.001670	0.008048	0.051552	CS pos: 35-36. VYA-LE. Pr: 0.9094
P22266_POSITIVE_SP_0	SP(Sec/SPI)	0.810570	0.150908	0.037200	0.001322	CS pos: 39-40. AGA-AP. Pr: 0.6101
P0A0L2_POSITIVE_SP_2	SP(Sec/SPI)	0.976430	0.000655	0.019967	0.002949	CS pos: 24-25. VNG-SE. Pr: 0.7675
P01552_POSITIVE_SP_1	SP(Sec/SPI)	0.996706	0.001009	0.001256	0.001029	CS pos: 27-28. VLA-ES. Pr: 0.9402
P34071_POSITIVE_SP_1	SP(Sec/SPI)	0.997204	0.000881	0.000913	0.001002	CS pos: 27-28. VLA-ES. Pr: 0.9255
P01553_POSITIVE_SP_1	SP(Sec/SPI)	0.996389	0.001210	0.001060	0.001340	CS pos: 27-28. VLA-ES. Pr: 0.9252
Q79F14_POSITIVE_SP_1	SP(Sec/SPI)	0.996236	0.001279	0.002045	0.000439	CS pos: 28-29. AKA-ES. Pr: 0.9207
P12993_POSITIVE_SP_2	SP(Sec/SPI)	0.971342	0.000709	0.024901	0.003047	CS pos: 24-25. VNG-SE. Pr: 0.7674
E9K9Z1_POSITIVE_SP_1	SP(Sec/SPI)	0.710557	0.002551	0.008682	0.278210	CS pos: 21-22. NGG-KP. Pr: 0.2952
P22541_POSITIVE_SP_1	OTHER	0.416539	0.003165	0.029561	0.550735	
Q02934_POSITIVE_SP_1	OTHER	0.418020	0.046049	0.038760	0.497171	
P16216_POSITIVE_SP_1	SP(Sec/SPI)	0.867605	0.018080	0.053195	0.061120	CS pos: 39-40. STA-VE. Pr: 0.0770
P26221_POSITIVE_SP_1	TAT(Tat/SPI)	0.445068	0.552859	0.001053	0.001019	CS pos: 46-47. AHA-EP. Pr: 0.9510
Q05156_POSITIVE_SP_2	SP(Sec/SPI)	0.944060	0.054091	0.001513	0.000337	CS pos: 29-30. AGA-EE. Pr: 0.9453
P18336_POSITIVE_SP_1	SP(Sec/SPI)	0.949095	0.034487	0.001866	0.014552	CS pos: 23-24. AWA-QT. Pr: 0.9529
P04957_POSITIVE_SP_1	SP(Sec/SPI)	0.987596	0.008441	0.003178	0.000785	CS pos: 28-29. ASA-QT. Pr: 0.9006
A3DH67_POSITIVE_SP_2	SP(Sec/SPI)	0.991896	0.006425	0.001108	0.000571	CS pos: 27-28. AFA-GP. Pr: 0.9490
P23659_POSITIVE_SP_1	SP(Sec/SPI)	0.994607	0.003601	0.000841	0.000952	CS pos: 27-28. AEA-AG. Pr: 0.9844
P17901_POSITIVE_SP_2	SP(Sec/SPI)	0.998587	0.000586	0.000514	0.000312	CS pos: 26-27. ANA-YD. Pr: 0.9896
P80172_POSITIVE_SP_1	SP(Sec/SPI)	0.991956	0.002320	0.003356	0.002368	CS pos: 31-32. TFA-SE. Pr: 0.9332
Q0Z8B6_POSITIVE_SP_1	SP(Sec/SPI)	0.992553	0.000781	0.005286	0.001380	CS pos: 30-31. VDA-AT. Pr: 0.9806
Q2FV52_POSITIVE_SP_0	SP(Sec/SPI)	0.994875	0.002931	0.001546	0.000648	CS pos: 29-30. AHA-AE. Pr: 0.9855
Q9LAB5_POSITIVE_SP_1	SP(Sec/SPI)	0.982133	0.005618	0.008531	0.003717	CS pos: 36-37. AQA-AI. Pr: 0.8629
P83674_POSITIVE_SP_1	SP(Sec/SPI)	0.708041	0.002630	0.010850	0.278478	CS pos: 23-24. LGG-GN. Pr: 0.2368
O54081_POSITIVE_SP_2	SP(Sec/SPI)	0.982946	0.010991	0.003665	0.002398	CS pos: 28-29. SRA-NT. Pr: 0.9065
P39848_POSITIVE_SP_2	SP(Sec/SPI)	0.997354	0.001243	0.001152	0.000252	CS pos: 27-28. AQA-AA. Pr: 0.7520
P19401_POSITIVE_SP_2	SP(Sec/SPI)	0.906791	0.068282	0.010080	0.014847	CS pos: 41-42. VRA-DH. Pr: 0.9302
P51529_POSITIVE_SP_1	SP(Sec/SPI)	0.923346	0.072113	0.003092	0.001449	CS pos: 35-36. AEA-AA. Pr: 0.7622
P31716_POSITIVE_SP_2	SP(Sec/SPI)	0.977571	0.018704	0.000862	0.002863	CS pos: 29-30. AKA-AN. Pr: 0.9622
P54421_POSITIVE_SP_0	SP(Sec/SPI)	0.981807	0.003228	0.012302	0.002663	CS pos: 25-26. ASA-QS. Pr: 0.8420
Q53599_POSITIVE_SP_1	SP(Sec/SPI)	0.909809	0.004792	0.078087	0.007313	CS pos: 30-31. ASA-AA. Pr: 0.5542
O54082_POSITIVE_SP_1	SP(Sec/SPI)	0.983898	0.002426	0.006341	0.007335	CS pos: 26-27. VDA-AQ. Pr: 0.9345
P31715_POSITIVE_SP_1	SP(Sec/SPI)	0.969612	0.001064	0.028416	0.000908	CS pos: 26-27. ANA-EG. Pr: 0.8456
P16947_POSITIVE_SP_2	SP(Sec/SPI)	0.912914	0.066403	0.008986	0.011697	CS pos: 41-42. VKA-AE. Pr: 0.8729
P02977_POSITIVE_SP_2	SP(Sec/SPI)	0.880982	0.058775	0.006526	0.053717	CS pos: 42-43. VSA-AV. Pr: 0.7829
P9WIN9_POSITIVE_SP_1	SP(Sec/SPI)	0.889733	0.000381	0.109658	0.000228	CS pos: 23-24. ATA-AP. Pr: 0.8122
P38577_POSITIVE_SP_1	SP(Sec/SPI)	0.695584	0.003945	0.012745	0.287726	CS pos: 24-25. VGG-KY. Pr: 0.4067
P9WIP1_POSITIVE_SP_2	SP(Sec/SPI)	0.995492	0.003423	0.000573	0.000512	CS pos: 29-30. ALA-AY. Pr: 0.9447
P9WG65_POSITIVE_SP_2	SP(Sec/SPI)	0.854457	0.072142	0.003428	0.069973	CS pos: 37-38. AVA-AD. Pr: 0.7385
A0QR29_POSITIVE_SP_1	SP(Sec/SPI)	0.992378	0.001980	0.004403	0.001239	CS pos: 27-28. SHA-GL. Pr: 0.9627
P39046_POSITIVE_SP_1	SP(Sec/SPI)	0.671435	0.097282	0.214431	0.016852	CS pos: 49-50. VDA-DQ. Pr: 0.6919
O34313_POSITIVE_SP_1	SP(Sec/SPI)	0.987452	0.009148	0.000739	0.002660	CS pos: 35-36. IHA-EE. Pr: 0.9733
C7G1H4_POSITIVE_SP_1	SP(Sec/SPI)	0.720984	0.003012	0.010974	0.265031	CS pos: 21-22. NGG-KP. Pr: 0.3611
P86242_POSITIVE_SP_2	SP(Sec/SPI)	0.968269	0.030339	0.001041	0.000352	CS pos: 33-34. ASA-DI. Pr: 0.9821
P11889_POSITIVE_SP_2	SP(Sec/SPI)	0.984035	0.009617	0.005432	0.000916	CS pos: 27-28. AQA-EA. Pr: 0.5561
P11657_POSITIVE_SP_1	SP(Sec/SPI)	0.992230	0.004584	0.002359	0.000826	CS pos: 38-39. VFA-DE. Pr: 0.9879
P31956_POSITIVE_SP_1	SP(Sec/SPI)	0.982940	0.002462	0.004083	0.010515	CS pos: 24-25. VFA-GE. Pr: 0.9561
P20626_POSITIVE_SP_1	SP(Sec/SPI)	0.985143	0.007168	0.003905	0.003784	CS pos: 24-25. AAA-AP. Pr: 0.8693
Q0TV31_POSITIVE_SP_2	SP(Sec/SPI)	0.990781	0.001294	0.006363	0.001563	CS pos: 28-29. VYA-WD. Pr: 0.9730
P96740_POSITIVE_SP_1	SP(Sec/SPI)	0.989872	0.002703	0.001310	0.006115	CS pos: 32-33. AEA-DT. Pr: 0.7122
P19406_POSITIVE_SP_2	SP(Sec/SPI)	0.915647	0.012921	0.060135	0.011298	CS pos: 41-42. ASA-KK. Pr: 0.5026
Q81HT3_POSITIVE_SP_1	LIPO(Sec/SPII)	0.061519	0.000139	0.919312	0.019030	CS pos: 24-25. LGG-CD. Pr: 0.9197
P22629_POSITIVE_SP_2	SP(Sec/SPI)	0.994662	0.000646	0.004344	0.000347	CS pos: 24-25. ASA-DP. Pr: 0.7908
O34344_POSITIVE_SP_1	SP(Sec/SPI)	0.718931	0.006378	0.259980	0.014711	CS pos: 32-33. TSA-KE. Pr: 0.5821
P38538_POSITIVE_SP_1	SP(Sec/SPI)	0.863210	0.100650	0.001027	0.035114	CS pos: 53-54. AFA-AE. Pr: 0.9402
Q8NKX2_POSITIVE_SP_1	SP(Sec/SPI)	0.954794	0.000773	0.013592	0.030840	CS pos: 27-28. IKS-DS. Pr: 0.5832
P0A3V1_POSITIVE_SP_1	SP(Sec/SPI)	0.957233	0.004184	0.013014	0.025569	CS pos: 32-33. VEA-FS. Pr: 0.8691
P06654_POSITIVE_SP_1	SP(Sec/SPI)	0.973757	0.018193	0.003352	0.004698	CS pos: 33-34. VFA-VD. Pr: 0.9736
Q2FZL3_POSITIVE_SP_1	SP(Sec/SPI)	0.953122	0.014080	0.023049	0.009748	CS pos: 36-37. AKA-DS. Pr: 0.7703
P50470_POSITIVE_SP_2	SP(Sec/SPI)	0.940785	0.046371	0.006320	0.006524	CS pos: 41-42. VKA-EG. Pr: 0.7993
Q2FXC2_POSITIVE_SP_2	SP(Sec/SPI)	0.917726	0.012326	0.019476	0.050472	CS pos: 35-36. AKA-EK. Pr: 0.5793
Q2FXC4_POSITIVE_SP_2	SP(Sec/SPI)	0.980234	0.004245	0.006650	0.008871	CS pos: 36-37. ANA-EK. Pr: 0.5178
P07767_POSITIVE_SP_1	SP(Sec/SPI)	0.985782	0.001520	0.001861	0.010837	CS pos: 26-27. ADA-IV. Pr: 0.9147
P01006_POSITIVE_SP_0	SP(Sec/SPI)	0.594099	0.159797	0.015450	0.230654	CS pos: 28-29. ALA-AP. Pr: 0.2332
P00779_POSITIVE_SP_1	SP(Sec/SPI)	0.981871	0.004471	0.004642	0.009016	CS pos: 26-27. VQA-IA. Pr: 0.5582
Q2FXC8_POSITIVE_SP_2	SP(Sec/SPI)	0.954299	0.005688	0.014517	0.025496	CS pos: 36-37. AKA-EN. Pr: 0.7724
P61153_POSITIVE_SP_0	SP(Sec/SPI)	0.852564	0.076324	0.067203	0.003909	CS pos: 28-29. SLA-SP. Pr: 0.1788
P43131_POSITIVE_SP_2	SP(Sec/SPI)	0.949732	0.002730	0.036981	0.010557	CS pos: 24-25. VSA-TS. Pr: 0.5363
Q2FXC3_POSITIVE_SP_2	SP(Sec/SPI)	0.947043	0.008645	0.012863	0.031449	CS pos: 36-37. AKA-EN. Pr: 0.8283
P04189_POSITIVE_SP_2	SP(Sec/SPI)	0.992914	0.002475	0.003806	0.000805	CS pos: 29-30. AQA-AG. Pr: 0.9369
P23564_POSITIVE_SP_2	SP(Sec/SPI)	0.989768	0.001324	0.007763	0.001144	CS pos: 32-33. SSA-AP. Pr: 0.7947
Q0TUS0_POSITIVE_SP_2	SP(Sec/SPI)	0.981067	0.001661	0.009525	0.007746	CS pos: 28-29. SFS-KD. Pr: 0.6464
A9Q0M7_POSITIVE_SP_1	SP(Sec/SPI)	0.761818	0.002276	0.004885	0.231021	CS pos: 21-22. IGG-KT. Pr: 0.4281
A4QFQ3_POSITIVE_SP_2	SP(Sec/SPI)	0.860074	0.139156	0.000437	0.000334	CS pos: 35-36. AQA-AE. Pr: 0.9812
Q3MUH7_POSITIVE_SP_2	SP(Sec/SPI)	0.987199	0.009207	0.003170	0.000425	CS pos: 32-33. TSA-AP. Pr: 0.8630
P26515_POSITIVE_SP_1	SP(Sec/SPI)	0.907192	0.091332	0.000773	0.000703	CS pos: 41-42. AQA-DT. Pr: 0.9862
Q9AQS0_POSITIVE_SP_1	SP(Sec/SPI)	0.962345	0.016350	0.006486	0.014819	CS pos: 25-26. AHA-SD. Pr: 0.9664
P54423_POSITIVE_SP_1	SP(Sec/SPI)	0.936346	0.059067	0.001938	0.002649	CS pos: 31-32. AAA-AG. Pr: 0.6049
A4QD57_POSITIVE_SP_2	SP(Sec/SPI)	0.778500	0.218182	0.002428	0.000890	CS pos: 32-33. AHA-LA. Pr: 0.4712
Q45071_POSITIVE_SP_1	SP(Sec/SPI)	0.772167	0.000347	0.227286	0.000200	CS pos: 26-27. AYA-AT. Pr: 0.7664
P83513_POSITIVE_SP_1	SP(Sec/SPI)	0.648716	0.010090	0.005129	0.336065	CS pos: 14-15. VKA-AD. Pr: 0.5994
O31803_POSITIVE_SP_1	SP(Sec/SPI)	0.745290	0.230894	0.007887	0.015929	CS pos: 42-43. ADA-QV. Pr: 0.3950
P54484_POSITIVE_SP_1	SP(Sec/SPI)	0.995161	0.002328	0.001841	0.000669	CS pos: 28-29. AEA-AS. Pr: 0.9540
P42111_POSITIVE_SP_2	SP(Sec/SPI)	0.877101	0.075821	0.043760	0.003318	CS pos: 41-42. AYA-AE. Pr: 0.6013
P94356_POSITIVE_SP_1	SP(Sec/SPI)	0.822183	0.001374	0.159742	0.016701	CS pos: 30-31. SEA-TS. Pr: 0.3911
A2RMJ9_POSITIVE_NO_SP_2	OTHER	0.020583	0.000376	0.008787	0.970254	
A5U127_POSITIVE_NO_SP_2	OTHER	0.120160	0.007294	0.011999	0.860547	
Q9KAX3_POSITIVE_NO_SP_2	OTHER	0.012387	0.000395	0.002503	0.984715	
Q99T13_POSITIVE_NO_SP_2	OTHER	0.013654	0.000143	0.003511	0.982691	
Q99T05_POSITIVE_NO_SP_1	OTHER	0.001771	0.000242	0.003023	0.994964	
Q8Y5K1_POSITIVE_NO_SP_2	OTHER	0.005405	0.000493	0.030198	0.963904	
Q8R6L9_POSITIVE_NO_SP_1	OTHER	0.001572	0.000142	0.000394	0.997892	
Q81HW2_POSITIVE_NO_SP_2	OTHER	0.025133	0.000276	0.003911	0.970680	
Q72XQ0_POSITIVE_NO_SP_2	OTHER	0.003914	0.000288	0.001201	0.994596	
O34840_POSITIVE_NO_SP_2	OTHER	0.076161	0.003876	0.024807	0.895156	
C2R3K4_POSITIVE_NO_SP_2	OTHER	0.025937	0.000261	0.003875	0.969928	
D6R8X8_POSITIVE_NO_SP_2	OTHER	0.033769	0.003034	0.009036	0.954160	
P22483_POSITIVE_NO_SP_0	OTHER	0.043911	0.004088	0.096280	0.855721	
E5QVT2_POSITIVE_NO_SP_0	OTHER	0.033764	0.001011	0.007262	0.957963	
F5L478_POSITIVE_NO_SP_1	OTHER	0.006055	0.000167	0.002370	0.991408	
O32081_POSITIVE_NO_SP_1	OTHER	0.038514	0.001205	0.004090	0.956191	
P0A333_POSITIVE_NO_SP_0	OTHER	0.033725	0.004758	0.020403	0.941115	
P43457_POSITIVE_NO_SP_2	SP(Sec/SPI)	0.469891	0.057158	0.044998	0.427953	CS pos: 33-34. AKG-VG. Pr: 0.1220
P54582_POSITIVE_NO_SP_2	OTHER	0.008501	0.000432	0.000597	0.990470	
Q186B7_POSITIVE_NO_SP_1	OTHER	0.007098	0.000673	0.000984	0.991245	
Q5KYD1_POSITIVE_NO_SP_2	OTHER	0.000918	0.000146	0.000444	0.998492	
P39793_POSITIVE_NO_SP_2	OTHER	0.134677	0.002035	0.009720	0.853569	
O31774_POSITIVE_NO_SP_0	OTHER	0.133704	0.004348	0.008768	0.853180	
Q9X3P3_POSITIVE_NO_SP_2	OTHER	0.017769	0.000445	0.029833	0.951953	
Q9L523_POSITIVE_NO_SP_1	OTHER	0.002704	0.000289	0.002160	0.994846	
O34853_POSITIVE_NO_SP_2	OTHER	0.006730	0.001176	0.030810	0.961284	
P27611_POSITIVE_NO_SP_2	OTHER	0.017187	0.000673	0.006039	0.976101	
Q2G2M2_POSITIVE_NO_SP_2	OTHER	0.008846	0.000190	0.004849	0.986115	
Q5BU39_POSITIVE_NO_SP_2	OTHER	0.001836	0.000262	0.000406	0.997497	
O07003_POSITIVE_NO_SP_1	OTHER	0.458850	0.001626	0.027938	0.511587	
A0QZ13_POSITIVE_NO_SP_0	OTHER	0.013266	0.058987	0.005168	0.922580	
P16655_POSITIVE_NO_SP_2	OTHER	0.040168	0.000749	0.002102	0.956981	
P9WN97_POSITIVE_NO_SP_0	OTHER	0.031306	0.026481	0.010790	0.931423	
A5U7B6_POSITIVE_NO_SP_2	OTHER	0.048160	0.011706	0.022251	0.917883	
Q04LE4_POSITIVE_NO_SP_1	OTHER	0.042428	0.003550	0.005687	0.948335	
A6TP80_POSITIVE_NO_SP_2	OTHER	0.025650	0.001311	0.043493	0.929546	
P9WP57_POSITIVE_NO_SP_1	OTHER	0.002169	0.000444	0.002935	0.994453	
Q9XA10_POSITIVE_NO_SP_1	OTHER	0.001982	0.000255	0.001859	0.995904	
P50726_POSITIVE_NO_SP_0	OTHER	0.373734	0.000991	0.011150	0.614125	
P32011_POSITIVE_NO_SP_2	OTHER	0.009909	0.002052	0.017702	0.970337	
P71044_POSITIVE_NO_SP_2	OTHER	0.118539	0.002918	0.009371	0.869171	
P35160_POSITIVE_NO_SP_2	SP(Sec/SPI)	0.759183	0.010446	0.026343	0.204028	CS pos: 31-32. VFA-GK. Pr: 0.6436
P0C1P7_POSITIVE_NO_SP_1	OTHER	0.003149	0.000096	0.033947	0.962808	
Q9ZEP5_POSITIVE_LIPO_0	LIPO(Sec/SPII)	0.012079	0.050168	0.934152	0.003600	CS pos: 36-37. LAG-CG. Pr: 0.9239
Q8VQS9_POSITIVE_LIPO_1	LIPO(Sec/SPII)	0.000794	0.000059	0.999024	0.000124	CS pos: 17-18. VAA-CG. Pr: 0.9988
O34385_POSITIVE_LIPO_1	LIPO(Sec/SPII)	0.001385	0.000117	0.998252	0.000247	CS pos: 18-19. LTG-CG. Pr: 0.9988
O34966_POSITIVE_LIPO_1	LIPO(Sec/SPII)	0.006331	0.000130	0.993367	0.000172	CS pos: 20-21. VAA-CG. Pr: 0.9886
O31567_POSITIVE_LIPO_1	LIPO(Sec/SPII)	0.000524	0.000118	0.999105	0.000253	CS pos: 20-21. LSA-CN. Pr: 0.9998
P54535_POSITIVE_LIPO_1	LIPO(Sec/SPII)	0.000781	0.000079	0.998999	0.000141	CS pos: 19-20. LTA-CG. Pr: 0.9985
O05410_POSITIVE_LIPO_2	LIPO(Sec/SPII)	0.003038	0.000315	0.996369	0.000278	CS pos: 22-23. LAG-CQ. Pr: 0.9971
P54941_POSITIVE_LIPO_1	LIPO(Sec/SPII)	0.001691	0.000185	0.997868	0.000256	CS pos: 20-21. VSA-CS. Pr: 0.9984
P06548_POSITIVE_LIPO_2	LIPO(Sec/SPII)	0.001441	0.000157	0.997804	0.000599	CS pos: 29-30. LIG-CS. Pr: 0.9180
Q08429_POSITIVE_LIPO_2	OTHER	0.016099	0.001106	0.278306	0.704490	
P24011_POSITIVE_LIPO_0	LIPO(Sec/SPII)	0.000420	0.000055	0.999243	0.000282	CS pos: 20-21. LSG-CG. Pr: 0.9996
Q03490_POSITIVE_LIPO_0	LIPO(Sec/SPII)	0.001762	0.077651	0.920101	0.000486	CS pos: 28-29. LSA-CG. Pr: 0.9199
P9WNF2_POSITIVE_LIPO_2	LIPO(Sec/SPII)	0.000796	0.000608	0.998221	0.000375	CS pos: 24-25. LAG-CS. Pr: 0.9979
P0A609_POSITIVE_LIPO_0	LIPO(Sec/SPII)	0.015306	0.055856	0.927771	0.001067	CS pos: 32-33. LSA-CS. Pr: 0.9094
Q9Z692_POSITIVE_LIPO_1	LIPO(Sec/SPII)	0.004338	0.000227	0.995014	0.000421	CS pos: 27-28. LMA-CG. Pr: 0.9953
Q00749_POSITIVE_LIPO_1	LIPO(Sec/SPII)	0.002655	0.000112	0.996997	0.000236	CS pos: 22-23. LAA-CN. Pr: 0.9978
P97008_POSITIVE_LIPO_1	LIPO(Sec/SPII)	0.001566	0.000209	0.997979	0.000246	CS pos: 22-23. LAA-CS. Pr: 0.9984
Q8NNK2_POSITIVE_LIPO_2	LIPO(Sec/SPII)	0.005283	0.003974	0.987418	0.003326	CS pos: 28-29. MAG-CE. Pr: 0.9886
P49941_POSITIVE_LIPO_0	LIPO(Sec/SPII)	0.003562	0.000079	0.995080	0.001279	CS pos: 20-21. LPG-CW. Pr: 0.9959
P9WK80_POSITIVE_LIPO_2	LIPO(Sec/SPII)	0.002444	0.003113	0.991554	0.002889	CS pos: 32-33. IGG-CT. Pr: 0.9923
P9WK79_POSITIVE_LIPO_2	LIPO(Sec/SPII)	0.003609	0.004070	0.989719	0.002601	CS pos: 32-33. IGG-CT. Pr: 0.9901
P9WK76_POSITIVE_LIPO_0	LIPO(Sec/SPII)	0.009006	0.019461	0.968064	0.003468	CS pos: 28-29. LAG-CA. Pr: 0.9693
P9WK70_POSITIVE_LIPO_0	LIPO(Sec/SPII)	0.135023	0.084706	0.779045	0.001225	CS pos: 28-29. LPA-CS. Pr: 0.7678
Q82DB7_POSITIVE_LIPO_0	LIPO(Sec/SPII)	0.001604	0.057507	0.940068	0.000821	CS pos: 27-28. LTG-CA. Pr: 0.9321
P46733_POSITIVE_LIPO_0	LIPO(Sec/SPII)	0.004567	0.014399	0.980053	0.000981	CS pos: 21-22. VSG-CS. Pr: 0.9819
O33192_POSITIVE_LIPO_2	LIPO(Sec/SPII)	0.313315	0.041253	0.623605	0.021826	CS pos: 34-35. AAS-CA. Pr: 0.6155
A0R1E8_POSITIVE_LIPO_2	LIPO(Sec/SPII)	0.036022	0.002236	0.652346	0.309395	CS pos: 15-16. GMA-CR. Pr: 0.6517
Q9L1P4_POSITIVE_LIPO_0	LIPO(Sec/SPII)	0.003151	0.039804	0.956669	0.000376	CS pos: 27-28. LTG-CA. Pr: 0.9418
O31810_POSITIVE_LIPO_2	LIPO(Sec/SPII)	0.014474	0.000201	0.984330	0.000994	CS pos: 24-25. VTG-CW. Pr: 0.9730
P40406_POSITIVE_LIPO_2	LIPO(Sec/SPII)	0.163543	0.004119	0.828704	0.003634	CS pos: 16-17. FLS-CF. Pr: 0.8200
P9WHR3_POSITIVE_LIPO_2	LIPO(Sec/SPII)	0.027440	0.038811	0.913277	0.020472	CS pos: 30-31. LVG-CI. Pr: 0.9103
P07870_POSITIVE_LIPO_2	LIPO(Sec/SPII)	0.001108	0.000125	0.997545	0.001223	CS pos: 17-18. LSG-CW. Pr: 0.9990
Q93N68_POSITIVE_LIPO_2	LIPO(Sec/SPII)	0.000965	0.000131	0.998506	0.000399	CS pos: 21-22. MSG-CS. Pr: 0.9992
Q9ZFB3_POSITIVE_LIPO_0	LIPO(Sec/SPII)	0.000684	0.000103	0.998020	0.001193	CS pos: 20-21. LTG-CW. Pr: 0.9989
Q8RQL6_POSITIVE_LIPO_1	LIPO(Sec/SPII)	0.005892	0.001689	0.991754	0.000665	CS pos: 26-27. LTA-CG. Pr: 0.9922
Q5HGV1_POSITIVE_LIPO_2	LIPO(Sec/SPII)	0.000789	0.000052	0.999024	0.000135	CS pos: 19-20. LTS-CQ. Pr: 0.9994
I6Y9J2_POSITIVE_LIPO_2	LIPO(Sec/SPII)	0.009068	0.003819	0.984382	0.002732	CS pos: 34-35. AVA-CG. Pr: 0.9842
Q6NIS1_POSITIVE_LIPO_0	LIPO(Sec/SPII)	0.012204	0.001570	0.985888	0.000338	CS pos: 23-24. TAA-CT. Pr: 0.9212
Q4JTP9_POSITIVE_LIPO_0	LIPO(Sec/SPII)	0.001134	0.000257	0.997983	0.000626	CS pos: 29-30. LAG-CS. Pr: 0.9987
Q9CCJ0_POSITIVE_LIPO_0	LIPO(Sec/SPII)	0.002222	0.000177	0.997360	0.000241	CS pos: 20-21. FTG-CA. Pr: 0.9978
Q9ZBM7_POSITIVE_LIPO_2	LIPO(Sec/SPII)	0.008394	0.001860	0.987890	0.001856	CS pos: 30-31. LGG-CG. Pr: 0.9843
P96264_POSITIVE_LIPO_2	LIPO(Sec/SPII)	0.007887	0.000797	0.988021	0.003296	CS pos: 24-25. TTG-CI. Pr: 0.9886
Q9CC94_POSITIVE_LIPO_0	LIPO(Sec/SPII)	0.002135	0.000562	0.997028	0.000275	CS pos: 28-29. LTG-CS. Pr: 0.9944
P65317_POSITIVE_LIPO_0	LIPO(Sec/SPII)	0.005123	0.001710	0.992413	0.000754	CS pos: 27-28. LAA-CT. Pr: 0.9930
P9WK41_POSITIVE_LIPO_0	LIPO(Sec/SPII)	0.011003	0.000184	0.988385	0.000428	CS pos: 15-16. LSA-CA. Pr: 0.9892
P9WK69_POSITIVE_LIPO_0	LIPO(Sec/SPII)	0.012924	0.007835	0.976855	0.002385	CS pos: 30-31. ASG-CA. Pr: 0.9681
Q7TWW9_POSITIVE_LIPO_0	LIPO(Sec/SPII)	0.004965	0.000215	0.994589	0.000230	CS pos: 19-20. LAG-CA. Pr: 0.9952
T2GP47_POSITIVE_LIPO_0	LIPO(Sec/SPII)	0.067932	0.009244	0.922150	0.000673	CS pos: 24-25. LVA-CS. Pr: 0.9236
Q8G849_POSITIVE_LIPO_0	LIPO(Sec/SPII)	0.003150	0.000582	0.995976	0.000293	CS pos: 16-17. AIA-CC. Pr: 0.4871
Q9KYX0_POSITIVE_LIPO_0	LIPO(Sec/SPII)	0.002115	0.001693	0.995346	0.000846	CS pos: 29-30. LAG-CA. Pr: 0.9960
Q9CCP6_POSITIVE_LIPO_2	LIPO(Sec/SPII)	0.002223	0.005363	0.991779	0.000634	CS pos: 26-27. IAG-CS. Pr: 0.9929
P59213_POSITIVE_LIPO_1	LIPO(Sec/SPII)	0.002046	0.000305	0.997365	0.000284	CS pos: 24-25. LVA-CG. Pr: 0.9960
O32436_POSITIVE_LIPO_2	LIPO(Sec/SPII)	0.000447	0.000082	0.999236	0.000236	CS pos: 17-18. LSG-CG. Pr: 0.9999
P59214_POSITIVE_LIPO_1	LIPO(Sec/SPII)	0.001711	0.000181	0.997856	0.000253	CS pos: 24-25. LVA-CG. Pr: 0.9974
P0A5Y1_POSITIVE_LIPO_2	LIPO(Sec/SPII)	0.005091	0.003937	0.990658	0.000314	CS pos: 21-22. LVA-CG. Pr: 0.9898
P42363_POSITIVE_LIPO_1	LIPO(Sec/SPII)	0.001831	0.000073	0.997941	0.000155	CS pos: 20-21. LLA-CS. Pr: 0.9976
P0DF61_POSITIVE_LIPO_1	LIPO(Sec/SPII)	0.001345	0.000099	0.998355	0.000201	CS pos: 20-21. LVA-CS. Pr: 0.9988
P60750_POSITIVE_LIPO_1	LIPO(Sec/SPII)	0.010033	0.000158	0.989332	0.000477	CS pos: 23-24. ATA-CS. Pr: 0.9899
Q8Y557_POSITIVE_LIPO_1	LIPO(Sec/SPII)	0.001049	0.000069	0.998704	0.000177	CS pos: 20-21. LAA-CG. Pr: 0.9992
Q5L289_POSITIVE_LIPO_1	LIPO(Sec/SPII)	0.001483	0.000061	0.998283	0.000173	CS pos: 18-19. LSA-CS. Pr: 0.9988
Q81GY5_POSITIVE_LIPO_1	LIPO(Sec/SPII)	0.001561	0.000074	0.998189	0.000175	CS pos: 18-19. LSA-CG. Pr: 0.9987
Q81U45_POSITIVE_LIPO_1	LIPO(Sec/SPII)	0.001572	0.000075	0.998176	0.000177	CS pos: 18-19. LSA-CG. Pr: 0.9987
P60810_POSITIVE_LIPO_1	LIPO(Sec/SPII)	0.000358	0.000073	0.999365	0.000205	CS pos: 22-23. LAG-CS. Pr: 0.9999
Q899I2_POSITIVE_LIPO_1	LIPO(Sec/SPII)	0.000965	0.000065	0.998725	0.000245	CS pos: 26-27. IAG-CN. Pr: 0.9993
P9WGT8_POSITIVE_LIPO_1	LIPO(Sec/SPII)	0.003607	0.000494	0.995611	0.000287	CS pos: 22-23. LTA-CG. Pr: 0.9957
P60812_POSITIVE_LIPO_1	LIPO(Sec/SPII)	0.000642	0.000102	0.998920	0.000336	CS pos: 22-23. LSA-CQ. Pr: 0.9997
Q81DT1_POSITIVE_LIPO_1	LIPO(Sec/SPII)	0.000815	0.000051	0.998955	0.000180	CS pos: 21-22. LSA-CG. Pr: 0.9992
Q8E602_POSITIVE_LIPO_1	LIPO(Sec/SPII)	0.000900	0.000138	0.998670	0.000292	CS pos: 22-23. LAA-CS. Pr: 0.9992
A8AYJ0_POSITIVE_LIPO_1	LIPO(Sec/SPII)	0.001228	0.000049	0.998551	0.000171	CS pos: 20-21. LAA-CG. Pr: 0.9989
C1CK62_POSITIVE_LIPO_1	LIPO(Sec/SPII)	0.006427	0.000048	0.993362	0.000163	CS pos: 20-21. LAA-CS. Pr: 0.9938
Q71ZM6_POSITIVE_LIPO_1	LIPO(Sec/SPII)	0.003402	0.000093	0.996264	0.000241	CS pos: 21-22. LAG-CG. Pr: 0.9969
P0DD42_POSITIVE_LIPO_1	LIPO(Sec/SPII)	0.000847	0.000109	0.998740	0.000304	CS pos: 22-23. LAA-CQ. Pr: 0.9995
Q929F4_POSITIVE_LIPO_1	LIPO(Sec/SPII)	0.001146	0.000074	0.998588	0.000191	CS pos: 20-21. LAA-CG. Pr: 0.9991
B1IGZ5_POSITIVE_LIPO_1	LIPO(Sec/SPII)	0.002684	0.000103	0.997021	0.000192	CS pos: 22-23. FTA-CD. Pr: 0.9978
B1KTE0_POSITIVE_LIPO_1	LIPO(Sec/SPII)	0.002735	0.000114	0.996956	0.000194	CS pos: 22-23. FTA-CD. Pr: 0.9977
B9DY54_POSITIVE_LIPO_1	LIPO(Sec/SPII)	0.001817	0.000105	0.997824	0.000255	CS pos: 22-23. VTG-CN. Pr: 0.9984
C5D6L9_POSITIVE_LIPO_1	LIPO(Sec/SPII)	0.000598	0.000077	0.999083	0.000242	CS pos: 18-19. LSA-CN. Pr: 0.9997
Q8CNR4_POSITIVE_LIPO_1	LIPO(Sec/SPII)	0.003093	0.000139	0.996370	0.000399	CS pos: 20-21. LGA-CG. Pr: 0.9972
C1C6V8_POSITIVE_LIPO_1	LIPO(Sec/SPII)	0.006178	0.000048	0.993611	0.000164	CS pos: 20-21. LAA-CS. Pr: 0.9941
Q92BR2_POSITIVE_LIPO_1	LIPO(Sec/SPII)	0.003476	0.000090	0.996204	0.000229	CS pos: 21-22. LAG-CG. Pr: 0.9969
Q81GN0_POSITIVE_LIPO_1	LIPO(Sec/SPII)	0.001861	0.000069	0.997896	0.000173	CS pos: 20-21. LSA-CG. Pr: 0.9985
Q2FFQ5_POSITIVE_LIPO_1	LIPO(Sec/SPII)	0.015180	0.000182	0.984206	0.000432	CS pos: 20-21. LGA-CG. Pr: 0.9847
Q4L565_POSITIVE_LIPO_0	LIPO(Sec/SPII)	0.000521	0.000065	0.998925	0.000490	CS pos: 19-20. LSG-CS. Pr: 0.9995
Q2FI17_POSITIVE_LIPO_0	LIPO(Sec/SPII)	0.000508	0.000057	0.998769	0.000666	CS pos: 19-20. LSG-CS. Pr: 0.9995
P9WG28_POSITIVE_LIPO_0	LIPO(Sec/SPII)	0.247929	0.000709	0.745793	0.005568	CS pos: 23-24. VAA-CK. Pr: 0.7500
Q9CBI6_POSITIVE_LIPO_0	LIPO(Sec/SPII)	0.002860	0.002976	0.992886	0.001278	CS pos: 25-26. VAA-CV. Pr: 0.6743
P42461_POSITIVE_LIPO_0	LIPO(Sec/SPII)	0.001470	0.002368	0.995836	0.000326	CS pos: 22-23. LVA-CS. Pr: 0.9910
A0QYB5_POSITIVE_LIPO_2	LIPO(Sec/SPII)	0.006911	0.000384	0.992301	0.000403	CS pos: 22-23. LTA-CG. Pr: 0.9923
Q9K9G5_POSITIVE_LIPO_2	LIPO(Sec/SPII)	0.002022	0.000107	0.997580	0.000291	CS pos: 18-19. LAS-CQ. Pr: 0.9983
Q2YUT0_POSITIVE_LIPO_1	LIPO(Sec/SPII)	0.000977	0.000089	0.998683	0.000251	CS pos: 24-25. TAG-CG. Pr: 0.9992
Q2FKF8_POSITIVE_LIPO_1	LIPO(Sec/SPII)	0.001071	0.000102	0.998582	0.000245	CS pos: 23-24. TAG-CG. Pr: 0.9991
Q7A886_POSITIVE_LIPO_1	LIPO(Sec/SPII)	0.000582	0.000074	0.999120	0.000225	CS pos: 24-25. FAG-CG. Pr: 0.9996
Q7A885_POSITIVE_LIPO_1	LIPO(Sec/SPII)	0.000654	0.000083	0.999060	0.000203	CS pos: 23-24. VAG-CG. Pr: 0.9996
Q6G6I6_POSITIVE_LIPO_1	LIPO(Sec/SPII)	0.000608	0.000133	0.998845	0.000413	CS pos: 22-23. ISA-CG. Pr: 0.9996
Q5HK97_POSITIVE_LIPO_1	LIPO(Sec/SPII)	0.000376	0.000041	0.999456	0.000126	CS pos: 22-23. ISG-CG. Pr: 0.9998
Q6GE63_POSITIVE_LIPO_1	LIPO(Sec/SPII)	0.000387	0.000047	0.999426	0.000141	CS pos: 17-18. LAA-CG. Pr: 0.9998
Q7A7G4_POSITIVE_LIPO_1	LIPO(Sec/SPII)	0.000564	0.000071	0.999157	0.000208	CS pos: 22-23. IAG-CG. Pr: 0.9996
Q7A7G3_POSITIVE_LIPO_1	LIPO(Sec/SPII)	0.003104	0.000236	0.995657	0.001002	CS pos: 16-17. ASG-CS. Pr: 0.9962
Q2YZ16_POSITIVE_LIPO_1	LIPO(Sec/SPII)	0.000379	0.000050	0.999429	0.000142	CS pos: 17-18. LAA-CG. Pr: 0.9998
Q5HD65_POSITIVE_LIPO_1	LIPO(Sec/SPII)	0.002892	0.000058	0.996493	0.000556	CS pos: 22-23. IGG-CV. Pr: 0.9969
Q2YVQ5_POSITIVE_LIPO_1	LIPO(Sec/SPII)	0.000412	0.000032	0.999444	0.000111	CS pos: 20-21. MAG-CE. Pr: 0.9998
Q7A7G6_POSITIVE_LIPO_1	LIPO(Sec/SPII)	0.000580	0.000045	0.999213	0.000162	CS pos: 22-23. IAG-CG. Pr: 0.9996
Q99WG2_POSITIVE_LIPO_1	LIPO(Sec/SPII)	0.000924	0.000075	0.998631	0.000369	CS pos: 22-23. IIG-CG. Pr: 0.9992
Q2G0X0_POSITIVE_LIPO_1	LIPO(Sec/SPII)	0.001295	0.000037	0.998504	0.000164	CS pos: 22-23. VTS-CD. Pr: 0.9990
Q99WG5_POSITIVE_LIPO_1	LIPO(Sec/SPII)	0.000709	0.000050	0.999064	0.000177	CS pos: 22-23. IIG-CD. Pr: 0.9995
Q99WF7_POSITIVE_LIPO_1	LIPO(Sec/SPII)	0.000519	0.000064	0.999142	0.000276	CS pos: 22-23. IGG-CG. Pr: 0.9997
Q5HKC5_POSITIVE_LIPO_1	LIPO(Sec/SPII)	0.000775	0.000056	0.998840	0.000329	CS pos: 22-23. IGG-CG. Pr: 0.9994
Q2YVQ8_POSITIVE_LIPO_1	LIPO(Sec/SPII)	0.000767	0.000062	0.998973	0.000198	CS pos: 22-23. VTS-CG. Pr: 0.9994
Q2YVQ6_POSITIVE_LIPO_1	LIPO(Sec/SPII)	0.000633	0.000053	0.999097	0.000217	CS pos: 22-23. IIG-CD. Pr: 0.9996
Q2YVQ4_POSITIVE_LIPO_1	LIPO(Sec/SPII)	0.000393	0.000047	0.999337	0.000223	CS pos: 22-23. IGG-CG. Pr: 0.9998
Q8NY36_POSITIVE_LIPO_1	LIPO(Sec/SPII)	0.000773	0.000055	0.998976	0.000197	CS pos: 22-23. IIG-CD. Pr: 0.9994
Q8CTZ0_POSITIVE_LIPO_1	LIPO(Sec/SPII)	0.000658	0.000049	0.998922	0.000371	CS pos: 22-23. IGG-CG. Pr: 0.9994
Q8NUV8_POSITIVE_LIPO_1	LIPO(Sec/SPII)	0.000527	0.000054	0.999186	0.000233	CS pos: 22-23. IGA-CG. Pr: 0.9994
Q5HK99_POSITIVE_LIPO_1	LIPO(Sec/SPII)	0.000396	0.000033	0.999403	0.000168	CS pos: 22-23. ISG-CG. Pr: 0.9999
Q6GDV2_POSITIVE_LIPO_1	LIPO(Sec/SPII)	0.000549	0.000056	0.999157	0.000238	CS pos: 22-23. IGA-CG. Pr: 0.9994
Q2G1P9_POSITIVE_LIPO_1	LIPO(Sec/SPII)	0.000974	0.000094	0.998708	0.000225	CS pos: 23-24. TAG-CG. Pr: 0.9992
P9WL77_POSITIVE_LIPO_0	LIPO(Sec/SPII)	0.115025	0.070882	0.812556	0.001537	CS pos: 30-31. LTA-CS. Pr: 0.8129
Q9RKQ0_POSITIVE_LIPO_0	LIPO(Sec/SPII)	0.035167	0.036183	0.923679	0.004970	CS pos: 32-33. ASG-CV. Pr: 0.9244
Q5HKA6_POSITIVE_LIPO_1	LIPO(Sec/SPII)	0.000510	0.000092	0.999008	0.000391	CS pos: 19-20. VSG-CG. Pr: 0.9998
Q5HKA4_POSITIVE_LIPO_1	LIPO(Sec/SPII)	0.000507	0.000035	0.999256	0.000202	CS pos: 22-23. IGG-CG. Pr: 0.9997
Q2YVQ7_POSITIVE_LIPO_1	LIPO(Sec/SPII)	0.000631	0.000061	0.999104	0.000204	CS pos: 22-23. VSG-CS. Pr: 0.9995
Q6GJN2_POSITIVE_LIPO_1	LIPO(Sec/SPII)	0.000514	0.000067	0.999236	0.000184	CS pos: 22-23. IAG-CG. Pr: 0.9997
Q6GJM9_POSITIVE_LIPO_1	LIPO(Sec/SPII)	0.001329	0.000041	0.998479	0.000150	CS pos: 22-23. VTS-CD. Pr: 0.9989
Q5HIN3_POSITIVE_LIPO_1	LIPO(Sec/SPII)	0.000433	0.000060	0.999187	0.000320	CS pos: 22-23. IVG-CR. Pr: 0.9998
Q7A3L3_POSITIVE_LIPO_1	LIPO(Sec/SPII)	0.012482	0.000086	0.986085	0.001347	CS pos: 22-23. IGG-CI. Pr: 0.9867
Q5HD64_POSITIVE_LIPO_1	LIPO(Sec/SPII)	0.000604	0.000101	0.998991	0.000304	CS pos: 22-23. IGA-CG. Pr: 0.9993
Q2YVR0_POSITIVE_LIPO_1	LIPO(Sec/SPII)	0.000556	0.000044	0.999226	0.000175	CS pos: 22-23. VAG-CG. Pr: 0.9996
Q8NY35_POSITIVE_LIPO_1	LIPO(Sec/SPII)	0.000413	0.000056	0.999261	0.000271	CS pos: 22-23. IGG-CG. Pr: 0.9998
Q99WF8_POSITIVE_LIPO_1	LIPO(Sec/SPII)	0.000940	0.000042	0.998875	0.000142	CS pos: 22-23. ATS-CG. Pr: 0.9990
O05703_POSITIVE_LIPO_1	LIPO(Sec/SPII)	0.002123	0.000062	0.997603	0.000213	CS pos: 18-19. LVA-CS. Pr: 0.9981
P42061_POSITIVE_LIPO_1	LIPO(Sec/SPII)	0.000549	0.000153	0.999139	0.000158	CS pos: 23-24. LSA-CS. Pr: 0.9992
P94528_POSITIVE_LIPO_1	LIPO(Sec/SPII)	0.003062	0.000065	0.996690	0.000184	CS pos: 21-22. IAG-CS. Pr: 0.9972
Q6NG98_POSITIVE_LIPO_2	LIPO(Sec/SPII)	0.005991	0.029492	0.957863	0.006654	CS pos: 28-29. LAG-CD. Pr: 0.9590
P94446_POSITIVE_LIPO_2	LIPO(Sec/SPII)	0.001403	0.000080	0.998262	0.000255	CS pos: 19-20. LTA-CG. Pr: 0.9988
Q8FNQ7_POSITIVE_LIPO_2	LIPO(Sec/SPII)	0.003409	0.006915	0.985719	0.003956	CS pos: 28-29. MAG-CE. Pr: 0.9875
Q82EB0_POSITIVE_LIPO_0	LIPO(Sec/SPII)	0.036344	0.082611	0.877651	0.003394	CS pos: 34-35. VSA-CG. Pr: 0.8751
P26906_POSITIVE_LIPO_1	LIPO(Sec/SPII)	0.003104	0.000105	0.996551	0.000239	CS pos: 22-23. LMG-CT. Pr: 0.9971
Q99WN4_POSITIVE_LIPO_1	LIPO(Sec/SPII)	0.000480	0.000073	0.999161	0.000285	CS pos: 17-18. IAA-CG. Pr: 0.9997
Q4L8N2_POSITIVE_LIPO_1	LIPO(Sec/SPII)	0.000638	0.000048	0.999171	0.000143	CS pos: 17-18. LAA-CG. Pr: 0.9996
J9W7B2_POSITIVE_LIPO_0	LIPO(Sec/SPII)	0.005245	0.001014	0.993344	0.000397	CS pos: 19-20. LGA-CT. Pr: 0.9937
Q49803_POSITIVE_LIPO_0	LIPO(Sec/SPII)	0.024837	0.013170	0.961119	0.000873	CS pos: 26-27. SSG-CA. Pr: 0.9495
Q8NMT9_POSITIVE_LIPO_0	LIPO(Sec/SPII)	0.006066	0.007207	0.986250	0.000477	CS pos: 28-29. LTG-CT. Pr: 0.9859
B3DPP6_POSITIVE_LIPO_0	LIPO(Sec/SPII)	0.010156	0.002285	0.987097	0.000462	CS pos: 16-17. AIA-CC. Pr: 0.4855
Q73UK8_POSITIVE_LIPO_0	LIPO(Sec/SPII)	0.006585	0.000244	0.992882	0.000290	CS pos: 17-18. LAG-CA. Pr: 0.9936
A0PRE9_POSITIVE_LIPO_0	LIPO(Sec/SPII)	0.006791	0.000321	0.992507	0.000382	CS pos: 17-18. LGG-CA. Pr: 0.9933
C1B1D9_POSITIVE_LIPO_0	LIPO(Sec/SPII)	0.001693	0.001921	0.995883	0.000503	CS pos: 28-29. VSG-CA. Pr: 0.9950
Q9CD47_POSITIVE_LIPO_0	LIPO(Sec/SPII)	0.002592	0.000285	0.996561	0.000562	CS pos: 23-24. AVS-CG. Pr: 0.9963
Q93CB6_POSITIVE_LIPO_0	LIPO(Sec/SPII)	0.006471	0.000245	0.992994	0.000290	CS pos: 17-18. LAG-CA. Pr: 0.9937
P9WK50_POSITIVE_LIPO_2	LIPO(Sec/SPII)	0.009243	0.006459	0.768420	0.215879	CS pos: 21-22. TCG-CL. Pr: 0.6758
P9WK75_POSITIVE_LIPO_0	LIPO(Sec/SPII)	0.000801	0.000628	0.998399	0.000173	CS pos: 22-23. LSG-CS. Pr: 0.9982
Q6AGI5_POSITIVE_LIPO_0	LIPO(Sec/SPII)	0.001422	0.001882	0.996232	0.000464	CS pos: 29-30. LAA-CA. Pr: 0.9944
Q0S2Y3_POSITIVE_LIPO_0	LIPO(Sec/SPII)	0.001890	0.018677	0.978913	0.000520	CS pos: 28-29. VSG-CA. Pr: 0.9782
P9WK56_POSITIVE_LIPO_0	LIPO(Sec/SPII)	0.005811	0.001072	0.991723	0.001394	CS pos: 25-26. VAG-CS. Pr: 0.9836
P9WK53_POSITIVE_LIPO_0	LIPO(Sec/SPII)	0.002546	0.000250	0.997008	0.000195	CS pos: 24-25. VAG-CS. Pr: 0.9976
O07750_POSITIVE_LIPO_0	LIPO(Sec/SPII)	0.006977	0.000822	0.991584	0.000617	CS pos: 21-22. LSA-CG. Pr: 0.9923
A1R848_POSITIVE_LIPO_0	LIPO(Sec/SPII)	0.000764	0.000120	0.998877	0.000238	CS pos: 23-24. LAS-CA. Pr: 0.9992
P9WK58_POSITIVE_LIPO_0	LIPO(Sec/SPII)	0.007916	0.001517	0.989633	0.000935	CS pos: 29-30. AVA-CG. Pr: 0.9883
P9WK54_POSITIVE_LIPO_2	LIPO(Sec/SPII)	0.004978	0.002204	0.991895	0.000923	CS pos: 24-25. IGG-CS. Pr: 0.9917
Q9CC87_POSITIVE_LIPO_0	LIPO(Sec/SPII)	0.005231	0.001973	0.991516	0.001279	CS pos: 27-28. VAG-CS. Pr: 0.9929
P54134_POSITIVE_LIPO_2	LIPO(Sec/SPII)	0.020366	0.021110	0.788466	0.170058	CS pos: 21-22. ACG-CL. Pr: 0.3953
Q53891_POSITIVE_LIPO_1	LIPO(Sec/SPII)	0.000632	0.000058	0.999163	0.000147	CS pos: 19-20. LAA-CS. Pr: 0.9996
P15698_POSITIVE_LIPO_1	LIPO(Sec/SPII)	0.095878	0.000296	0.903070	0.000756	CS pos: 19-20. LSA-CN. Pr: 0.9054
Q9L5X0_POSITIVE_LIPO_1	LIPO(Sec/SPII)	0.003751	0.000076	0.995945	0.000228	CS pos: 19-20. LVA-CA. Pr: 0.9959
P42364_POSITIVE_LIPO_1	LIPO(Sec/SPII)	0.000555	0.000059	0.999250	0.000136	CS pos: 19-20. LAA-CS. Pr: 0.9997
P0A4G2_POSITIVE_LIPO_1	LIPO(Sec/SPII)	0.001806	0.000062	0.997937	0.000195	CS pos: 19-20. LVA-CA. Pr: 0.9977
Q9L5X1_POSITIVE_LIPO_1	LIPO(Sec/SPII)	0.002295	0.000065	0.997446	0.000194	CS pos: 19-20. LVA-CA. Pr: 0.9973
Q5XDI6_POSITIVE_LIPO_1	LIPO(Sec/SPII)	0.001523	0.000086	0.998195	0.000197	CS pos: 20-21. LVA-CS. Pr: 0.9987
P42708_POSITIVE_LIPO_2	LIPO(Sec/SPII)	0.000952	0.000218	0.998142	0.000688	CS pos: 19-20. LSG-CY. Pr: 0.9991
Q8CVC9_POSITIVE_LIPO_1	LIPO(Sec/SPII)	0.000527	0.000102	0.999191	0.000181	CS pos: 23-24. LAG-CS. Pr: 0.9996
P0A5Y3_POSITIVE_LIPO_1	LIPO(Sec/SPII)	0.002002	0.000361	0.997215	0.000422	CS pos: 22-23. LSA-CG. Pr: 0.9975
Q9CBE5_POSITIVE_LIPO_1	LIPO(Sec/SPII)	0.001695	0.000569	0.997360	0.000376	CS pos: 21-22. LSG-CG. Pr: 0.9972
Q49XJ1_POSITIVE_LIPO_1	LIPO(Sec/SPII)	0.003047	0.000135	0.996539	0.000280	CS pos: 20-21. LGA-CG. Pr: 0.9970
Q8Y759_POSITIVE_LIPO_1	LIPO(Sec/SPII)	0.002957	0.000092	0.996692	0.000259	CS pos: 21-22. LAG-CG. Pr: 0.9974
Q71XE6_POSITIVE_LIPO_1	LIPO(Sec/SPII)	0.001076	0.000068	0.998678	0.000178	CS pos: 20-21. LAA-CG. Pr: 0.9992
Q837Y9_POSITIVE_LIPO_1	LIPO(Sec/SPII)	0.000887	0.000051	0.998934	0.000128	CS pos: 20-21. LAA-CS. Pr: 0.9994
A4IKU2_POSITIVE_LIPO_1	LIPO(Sec/SPII)	0.000965	0.000060	0.998784	0.000190	CS pos: 18-19. LSA-CN. Pr: 0.9993
Q8R760_POSITIVE_LIPO_2	LIPO(Sec/SPII)	0.001589	0.000103	0.998043	0.000265	CS pos: 20-21. LVS-CS. Pr: 0.9986
C3KW94_POSITIVE_LIPO_1	LIPO(Sec/SPII)	0.002890	0.000111	0.996800	0.000198	CS pos: 22-23. FTA-CD. Pr: 0.9976
A7GJD2_POSITIVE_LIPO_1	LIPO(Sec/SPII)	0.002765	0.000104	0.996943	0.000188	CS pos: 22-23. FTA-CD. Pr: 0.9977
Q04KU8_POSITIVE_LIPO_1	LIPO(Sec/SPII)	0.006396	0.000048	0.993393	0.000162	CS pos: 20-21. LAA-CS. Pr: 0.9939
Q7A0X7_POSITIVE_LIPO_1	LIPO(Sec/SPII)	0.000881	0.000100	0.998765	0.000255	CS pos: 20-21. LGA-CG. Pr: 0.9991
P42199_POSITIVE_LIPO_1	LIPO(Sec/SPII)	0.001070	0.000090	0.998625	0.000214	CS pos: 19-20. LAA-CG. Pr: 0.9989
Q48754_POSITIVE_LIPO_1	LIPO(Sec/SPII)	0.000904	0.000077	0.998829	0.000190	CS pos: 22-23. LGA-CG. Pr: 0.9991
Q92BW7_POSITIVE_LIPO_1	LIPO(Sec/SPII)	0.001004	0.000077	0.998729	0.000190	CS pos: 22-23. LGA-CG. Pr: 0.9990
Q8CU19_POSITIVE_LIPO_1	LIPO(Sec/SPII)	0.000514	0.000092	0.999034	0.000360	CS pos: 19-20. VSG-CG. Pr: 0.9998
Q8NYU1_POSITIVE_LIPO_1	LIPO(Sec/SPII)	0.001075	0.000081	0.998621	0.000223	CS pos: 24-25. TAG-CG. Pr: 0.9991
Q8NYU0_POSITIVE_LIPO_1	LIPO(Sec/SPII)	0.001051	0.000109	0.998530	0.000311	CS pos: 22-23. IGG-CG. Pr: 0.9991
Q99XB6_POSITIVE_LIPO_1	LIPO(Sec/SPII)	0.001141	0.000089	0.998553	0.000217	CS pos: 23-24. TAG-CG. Pr: 0.9991
Q99XB2_POSITIVE_LIPO_1	LIPO(Sec/SPII)	0.001045	0.000106	0.998612	0.000238	CS pos: 23-24. TAG-CG. Pr: 0.9991
A0QYB3_POSITIVE_LIPO_2	LIPO(Sec/SPII)	0.012694	0.003343	0.982986	0.000977	CS pos: 22-23. LTA-CG. Pr: 0.9835
Q7A3L1_POSITIVE_LIPO_1	LIPO(Sec/SPII)	0.000603	0.000119	0.998965	0.000313	CS pos: 22-23. IGA-CG. Pr: 0.9992
Q8CU18_POSITIVE_LIPO_1	LIPO(Sec/SPII)	0.000710	0.000112	0.998814	0.000363	CS pos: 19-20. VSG-CG. Pr: 0.9996
Q5HKA2_POSITIVE_LIPO_1	LIPO(Sec/SPII)	0.000468	0.000069	0.999166	0.000297	CS pos: 19-20. VSG-CG. Pr: 0.9997
Q6GKK2_POSITIVE_LIPO_1	LIPO(Sec/SPII)	0.000914	0.000093	0.998763	0.000230	CS pos: 23-24. TAG-CG. Pr: 0.9993
Q7A884_POSITIVE_LIPO_1	LIPO(Sec/SPII)	0.000951	0.000089	0.998758	0.000202	CS pos: 23-24. TAG-CG. Pr: 0.9992
Q7A3W5_POSITIVE_LIPO_1	LIPO(Sec/SPII)	0.000384	0.000050	0.999423	0.000143	CS pos: 17-18. LAA-CG. Pr: 0.9998
Q2FJK2_POSITIVE_LIPO_1	LIPO(Sec/SPII)	0.000837	0.000060	0.998865	0.000238	CS pos: 22-23. IIG-CD. Pr: 0.9994
Q5HKC6_POSITIVE_LIPO_1	LIPO(Sec/SPII)	0.000759	0.000060	0.998878	0.000303	CS pos: 22-23. IGG-CG. Pr: 0.9994
Q8NY39_POSITIVE_LIPO_1	LIPO(Sec/SPII)	0.000403	0.000052	0.999337	0.000208	CS pos: 22-23. IAG-CG. Pr: 0.9998
Q2FJK3_POSITIVE_LIPO_1	LIPO(Sec/SPII)	0.000581	0.000045	0.999221	0.000152	CS pos: 22-23. IIG-CD. Pr: 0.9996
Q6GJN0_POSITIVE_LIPO_1	LIPO(Sec/SPII)	0.000578	0.000052	0.999175	0.000195	CS pos: 22-23. IIG-CD. Pr: 0.9996
Q6GJN3_POSITIVE_LIPO_1	LIPO(Sec/SPII)	0.000532	0.000050	0.999224	0.000194	CS pos: 22-23. VAG-CG. Pr: 0.9997
P16085_POSITIVE_LIPO_2	LIPO(Sec/SPII)	0.052135	0.000258	0.947413	0.000195	CS pos: 20-21. LVG-CA. Pr: 0.9482
Q2FVC5_POSITIVE_LIPO_1	LIPO(Sec/SPII)	0.002894	0.000061	0.996423	0.000622	CS pos: 22-23. IGG-CV. Pr: 0.9969
Q2FEC8_POSITIVE_LIPO_1	LIPO(Sec/SPII)	0.000394	0.000051	0.999411	0.000144	CS pos: 17-18. LAA-CG. Pr: 0.9998
Q5HK85_POSITIVE_LIPO_1	LIPO(Sec/SPII)	0.000348	0.000032	0.999461	0.000159	CS pos: 22-23. ISG-CG. Pr: 0.9999
P41108_POSITIVE_LIPO_0	LIPO(Sec/SPII)	0.004127	0.078462	0.916965	0.000446	CS pos: 20-21. ALA-CV. Pr: 0.5508
Q932G7_POSITIVE_LIPO_1	LIPO(Sec/SPII)	0.000921	0.000076	0.998616	0.000387	CS pos: 22-23. IIG-CG. Pr: 0.9992
Q2YVR1_POSITIVE_LIPO_1	LIPO(Sec/SPII)	0.000562	0.000046	0.999183	0.000208	CS pos: 22-23. VAG-CG. Pr: 0.9997
Q7A7G2_POSITIVE_LIPO_1	LIPO(Sec/SPII)	0.000532	0.000055	0.999215	0.000199	CS pos: 22-23. VAG-CG. Pr: 0.9997
Q2FJJ9_POSITIVE_LIPO_1	LIPO(Sec/SPII)	0.000424	0.000033	0.999430	0.000113	CS pos: 20-21. MAG-CE. Pr: 0.9998
Q6GC47_POSITIVE_LIPO_1	LIPO(Sec/SPII)	0.000740	0.000066	0.998989	0.000204	CS pos: 22-23. VTS-CG. Pr: 0.9994
Q2G0X1_POSITIVE_LIPO_1	LIPO(Sec/SPII)	0.000492	0.000056	0.999260	0.000192	CS pos: 22-23. IAG-CG. Pr: 0.9997
Q2FJK4_POSITIVE_LIPO_1	LIPO(Sec/SPII)	0.000523	0.000058	0.999215	0.000204	CS pos: 22-23. IAG-CG. Pr: 0.9997
Q6GJN1_POSITIVE_LIPO_1	LIPO(Sec/SPII)	0.000769	0.000072	0.998941	0.000219	CS pos: 22-23. VTS-CG. Pr: 0.9994
Q7A7G1_POSITIVE_LIPO_1	LIPO(Sec/SPII)	0.000977	0.000054	0.998751	0.000218	CS pos: 22-23. IIG-CD. Pr: 0.9992
Q7A7G0_POSITIVE_LIPO_1	LIPO(Sec/SPII)	0.000512	0.000057	0.999206	0.000226	CS pos: 22-23. IIG-CN. Pr: 0.9997
Q82YV1_POSITIVE_LIPO_1	LIPO(Sec/SPII)	0.001549	0.000076	0.997989	0.000386	CS pos: 22-23. LSA-CG. Pr: 0.9985
Q8CMK8_POSITIVE_LIPO_1	LIPO(Sec/SPII)	0.000328	0.000056	0.999337	0.000280	CS pos: 19-20. LAG-CD. Pr: 0.9999
Q9CHZ9_POSITIVE_LIPO_1	LIPO(Sec/SPII)	0.003121	0.000112	0.996414	0.000353	CS pos: 23-24. LSG-CV. Pr: 0.9972
A4W485_POSITIVE_LIPO_1	LIPO(Sec/SPII)	0.004182	0.000168	0.994842	0.000808	CS pos: 20-21. LTA-CG. Pr: 0.9958
P96667_POSITIVE_LIPO_2	LIPO(Sec/SPII)	0.000399	0.000067	0.999379	0.000156	CS pos: 22-23. LAG-CT. Pr: 0.9998
Q81XH4_POSITIVE_LIPO_1	LIPO(Sec/SPII)	0.003758	0.000144	0.995621	0.000477	CS pos: 22-23. LSG-CS. Pr: 0.9964
Q814F4_POSITIVE_LIPO_1	LIPO(Sec/SPII)	0.001586	0.000085	0.998010	0.000318	CS pos: 20-21. ATG-CS. Pr: 0.9985
Q9A1C3_POSITIVE_LIPO_1	LIPO(Sec/SPII)	0.003008	0.000522	0.995627	0.000843	CS pos: 23-24. LTG-CV. Pr: 0.9964
P97029_POSITIVE_LIPO_2	LIPO(Sec/SPII)	0.109799	0.001060	0.662646	0.226494	CS pos: 17-18. GLA-CW. Pr: 0.6570
C0SP99_POSITIVE_LIPO_2	LIPO(Sec/SPII)	0.000883	0.000138	0.998670	0.000309	CS pos: 19-20. LSA-CS. Pr: 0.9995
P42400_POSITIVE_LIPO_1	LIPO(Sec/SPII)	0.000879	0.000064	0.998843	0.000214	CS pos: 24-25. LAA-CS. Pr: 0.9994
Q97NP5_POSITIVE_LIPO_1	LIPO(Sec/SPII)	0.000921	0.000107	0.998471	0.000501	CS pos: 22-23. LTG-CV. Pr: 0.9992
Q71ZU1_POSITIVE_LIPO_1	LIPO(Sec/SPII)	0.000354	0.000072	0.999311	0.000263	CS pos: 21-22. LTG-CS. Pr: 0.9996
P94492_POSITIVE_LIPO_1	LIPO(Sec/SPII)	0.005973	0.000123	0.993601	0.000303	CS pos: 19-20. LAA-CG. Pr: 0.9945
O31486_POSITIVE_LIPO_2	LIPO(Sec/SPII)	0.013653	0.000160	0.985933	0.000253	CS pos: 20-21. SAG-CA. Pr: 0.9854
Q9CJ72_POSITIVE_LIPO_1	LIPO(Sec/SPII)	0.002721	0.000208	0.996090	0.000981	CS pos: 20-21. LTA-CG. Pr: 0.9968
Q8CX16_POSITIVE_LIPO_1	LIPO(Sec/SPII)	0.006119	0.000177	0.989753	0.003951	CS pos: 20-21. LVA-CG. Pr: 0.9904
Q9KDP2_POSITIVE_LIPO_1	LIPO(Sec/SPII)	0.000666	0.000140	0.998728	0.000467	CS pos: 22-23. LAG-CS. Pr: 0.9994
Q8CMK4_POSITIVE_LIPO_1	LIPO(Sec/SPII)	0.000438	0.000090	0.998896	0.000576	CS pos: 18-19. LAG-CD. Pr: 0.9998
Q97NI6_POSITIVE_LIPO_1	LIPO(Sec/SPII)	0.003821	0.000113	0.995430	0.000636	CS pos: 20-21. MTA-CA. Pr: 0.9958
A6U3H6_POSITIVE_LIPO_1	LIPO(Sec/SPII)	0.000365	0.000066	0.999252	0.000316	CS pos: 19-20. LAG-CD. Pr: 0.9999
O31555_POSITIVE_LIPO_2	LIPO(Sec/SPII)	0.001193	0.000670	0.667136	0.331001	CS pos: 29-30. GLA-CL. Pr: 0.6020
Q04729_POSITIVE_LIPO_2	LIPO(Sec/SPII)	0.042531	0.000237	0.955361	0.001871	CS pos: 19-20. FFS-CT. Pr: 0.9529
P54498_POSITIVE_LIPO_2	LIPO(Sec/SPII)	0.002079	0.000151	0.997554	0.000216	CS pos: 20-21. LSA-CE. Pr: 0.9982
P40770_POSITIVE_LIPO_2	LIPO(Sec/SPII)	0.076072	0.000182	0.923430	0.000316	CS pos: 16-17. LSG-CS. Pr: 0.9249
Q815V9_POSITIVE_LIPO_1	LIPO(Sec/SPII)	0.009924	0.000191	0.989255	0.000630	CS pos: 22-23. LSG-CS. Pr: 0.9902
Q92BX6_POSITIVE_LIPO_1	LIPO(Sec/SPII)	0.000428	0.000075	0.999202	0.000295	CS pos: 21-22. ITG-CS. Pr: 0.9996
Q8P2P8_POSITIVE_LIPO_1	LIPO(Sec/SPII)	0.015979	0.000177	0.980440	0.003403	CS pos: 25-26. LVA-CG. Pr: 0.9807
Q8DNE1_POSITIVE_LIPO_1	LIPO(Sec/SPII)	0.000961	0.000125	0.998369	0.000545	CS pos: 22-23. LTG-CV. Pr: 0.9991
Q88RX1_POSITIVE_LIPO_1	LIPO(Sec/SPII)	0.000402	0.000083	0.999119	0.000396	CS pos: 22-23. LSG-CS. Pr: 0.9998
P0DC88_POSITIVE_LIPO_1	LIPO(Sec/SPII)	0.002995	0.000492	0.995550	0.000962	CS pos: 23-24. LTG-CV. Pr: 0.9964
O07634_POSITIVE_LIPO_2	LIPO(Sec/SPII)	0.000900	0.000076	0.998675	0.000349	CS pos: 16-17. LSA-CA. Pr: 0.9991
Q9RCA5_POSITIVE_LIPO_1	LIPO(Sec/SPII)	0.003159	0.000162	0.995946	0.000732	CS pos: 20-21. MTG-CF. Pr: 0.9969
O32208_POSITIVE_LIPO_1	LIPO(Sec/SPII)	0.000452	0.000074	0.999343	0.000130	CS pos: 20-21. VAG-CS. Pr: 0.9997
P21884_POSITIVE_LIPO_2	LIPO(Sec/SPII)	0.001615	0.001311	0.996592	0.000483	CS pos: 25-26. LTG-CM. Pr: 0.9965
O05524_POSITIVE_LIPO_2	LIPO(Sec/SPII)	0.026594	0.004830	0.697287	0.271289	CS pos: 15-16. AVG-CI. Pr: 0.6765
P54598_POSITIVE_LIPO_2	LIPO(Sec/SPII)	0.001239	0.000080	0.998417	0.000264	CS pos: 20-21. MTG-CG. Pr: 0.9990
Q03D58_POSITIVE_LIPO_1	LIPO(Sec/SPII)	0.004625	0.000181	0.994522	0.000673	CS pos: 22-23. LTA-CS. Pr: 0.9953
O32005_POSITIVE_LIPO_2	LIPO(Sec/SPII)	0.005919	0.000104	0.993711	0.000266	CS pos: 19-20. TGG-CA. Pr: 0.9938
P54451_POSITIVE_LIPO_2	LIPO(Sec/SPII)	0.003831	0.000094	0.995518	0.000557	CS pos: 16-17. TAG-CE. Pr: 0.9964
Q936F2_POSITIVE_LIPO_1	LIPO(Sec/SPII)	0.001453	0.000092	0.998209	0.000247	CS pos: 24-25. AAG-CG. Pr: 0.9986
C0SP80_POSITIVE_LIPO_2	LIPO(Sec/SPII)	0.000584	0.000080	0.999056	0.000280	CS pos: 20-21. LAS-CS. Pr: 0.9996
O32156_POSITIVE_LIPO_1	LIPO(Sec/SPII)	0.005535	0.000108	0.994177	0.000180	CS pos: 20-21. IAG-CS. Pr: 0.9948
Q936F4_POSITIVE_LIPO_1	LIPO(Sec/SPII)	0.001066	0.000060	0.998684	0.000189	CS pos: 24-25. TAG-CD. Pr: 0.9993
O35005_POSITIVE_LIPO_2	LIPO(Sec/SPII)	0.117633	0.003087	0.492026	0.387254	CS pos: 31-32. TMA-CA. Pr: 0.4573
P54945_POSITIVE_LIPO_2	LIPO(Sec/SPII)	0.001578	0.000108	0.997885	0.000428	CS pos: 23-24. VSG-CQ. Pr: 0.9973
O31851_POSITIVE_LIPO_2	LIPO(Sec/SPII)	0.000331	0.000085	0.999349	0.000235	CS pos: 17-18. VAG-CG. Pr: 0.9999
P39613_POSITIVE_LIPO_2	LIPO(Sec/SPII)	0.010575	0.000955	0.789301	0.199170	CS pos: 22-23. TGG-CM. Pr: 0.7741
Q3L8N0_POSITIVE_TAT_0	TAT(Tat/SPI)	0.003593	0.995106	0.000687	0.000614	CS pos: 30-31. ALA-RP. Pr: 0.8379
Q50EA3_POSITIVE_TAT_1	TAT(Tat/SPI)	0.001653	0.994776	0.000447	0.003125	CS pos: 58-59. ASA-AG. Pr: 0.7987
B1W5J7_POSITIVE_TAT_1	TAT(Tat/SPI)	0.003031	0.994159	0.000507	0.002303	CS pos: 58-59. ASA-AE. Pr: 0.8428
Q50HM6_POSITIVE_TAT_1	TAT(Tat/SPI)	0.087057	0.837455	0.019125	0.056364	CS pos: 55-56. ASA-SV. Pr: 0.6344
Q9RRF6_POSITIVE_TAT_1	TAT(Tat/SPI)	0.001577	0.987316	0.001699	0.009409	CS pos: 57-58. APA-EP. Pr: 0.7504
P9WIB0_POSITIVE_TAT_0	TAT(Tat/SPI)	0.005839	0.993260	0.000383	0.000519	CS pos: 41-42. AYG-AG. Pr: 0.4598
P9WIB3_POSITIVE_TAT_0	TAT(Tat/SPI)	0.002813	0.996506	0.000245	0.000437	CS pos: 41-42. AYG-AG. Pr: 0.6028
P9WIA8_POSITIVE_TAT_0	TAT(Tat/SPI)	0.001279	0.998042	0.000268	0.000411	CS pos: 39-40. AYG-AG. Pr: 0.5907
P55046_POSITIVE_TAT_2	TAT(Tat/SPI)	0.062101	0.931523	0.005250	0.001127	CS pos: 33-34. ATA-AA. Pr: 0.4143
P26220_POSITIVE_TAT_1	TAT(Tat/SPI)	0.016384	0.982414	0.000382	0.000820	CS pos: 49-50. AHA-AT. Pr: 0.9846
Q9RRY7_POSITIVE_TAT_0	TAT(Tat/SPI)	0.005377	0.940407	0.000874	0.053341	CS pos: 40-41. AVA-QG. Pr: 0.5790
Q50397_POSITIVE_TAT_1	TAT(Tat/SPI)	0.317470	0.661475	0.014374	0.006680	CS pos: 40-41. AGA-FS. Pr: 0.6699
P31747_POSITIVE_TAT_0	SP(Sec/SPI)	0.602063	0.396486	0.000913	0.000539	CS pos: 34-35. AYA-DP. Pr: 0.7922
P30920_POSITIVE_TAT_0	SP(Sec/SPI)	0.631419	0.366664	0.001184	0.000733	CS pos: 34-35. VYA-DP. Pr: 0.8385
A0QXD9_POSITIVE_TATLIPO_0	TAT(Tat/SPI)	0.002396	0.853584	0.143484	0.000536	CS pos: 38-39. LSA-CG. Pr: 0.3491
Q67QZ1_POSITIVE_TATLIPO_2	TAT(Tat/SPI)	0.003850	0.750989	0.244970	0.000192	CS pos: 30-31. VAP-KQ. Pr: 0.2945
P9WM45_POSITIVE_TAT_2	TAT(Tat/SPI)	0.196112	0.802813	0.000747	0.000327	CS pos: 35-36. ANA-AD. Pr: 0.9547
P54865_POSITIVE_TAT_1	TAT(Tat/SPI)	0.310634	0.687648	0.001232	0.000486	CS pos: 43-44. AAA-VT. Pr: 0.4197
P42251_POSITIVE_TAT_0	TAT(Tat/SPI)	0.096206	0.862428	0.000801	0.040564	CS pos: 56-57. VNA-AP. Pr: 0.6516
P96809_POSITIVE_TATLIPO_1	TAT(Tat/SPI)	0.000570	0.836600	0.162463	0.000367	CS pos: 40-41. EPA-SR. Pr: 0.2068
A5U493_POSITIVE_TATLIPO_2	LIPO(Sec/SPII)	0.021704	0.280710	0.696134	0.001452	CS pos: 23-24. VTG-CA. Pr: 0.6983
Q8GJ31_POSITIVE_TAT_1	TAT(Tat/SPI)	0.009304	0.989971	0.000411	0.000314	CS pos: 39-40. ADA-AD. Pr: 0.9073
P95028_POSITIVE_TAT_1	TAT(Tat/SPI)	0.048970	0.941170	0.005307	0.004553	CS pos: 35-36. ASA-GS. Pr: 0.6051
Q9ZBW1_POSITIVE_TAT_0	TAT(Tat/SPI)	0.271103	0.696783	0.031331	0.000784	CS pos: 29-30. AHA-RP. Pr: 0.8843
A4QDY7_POSITIVE_TAT_0	TAT(Tat/SPI)	0.001139	0.800448	0.198071	0.000342	CS pos: 26-27. ACA-GT. Pr: 0.3035
A4QI82_POSITIVE_TAT_0	TAT(Tat/SPI)	0.003851	0.622213	0.372897	0.001039	CS pos: 39-40. VAA-TE. Pr: 0.4484
Q9RJZ8_POSITIVE_TAT_0	TAT(Tat/SPI)	0.022283	0.975354	0.001087	0.001276	CS pos: 36-37. AAA-QV. Pr: 0.6771
Q9RDG9_POSITIVE_TAT_1	TAT(Tat/SPI)	0.120195	0.875936	0.001453	0.002416	CS pos: 40-41. AYA-DA. Pr: 0.8292
O87849_POSITIVE_TAT_1	TAT(Tat/SPI)	0.012071	0.987405	0.000231	0.000293	CS pos: 46-47. AAA-DS. Pr: 0.8536
B9W4V4_POSITIVE_TAT_0	SP(Sec/SPI)	0.671519	0.326667	0.001408	0.000406	CS pos: 32-33. AFA-GQ. Pr: 0.9374
P55802_POSITIVE_LIPO_0	LIPO(Sec/SPII)	0.003347	0.000150	0.996292	0.000210	CS pos: 24-25. VVS-CS. Pr: 0.9965
P21625_POSITIVE_LIPO_1	LIPO(Sec/SPII)	0.019239	0.000250	0.980174	0.000338	CS pos: 23-24. VVA-CN. Pr: 0.9852
Q49536_POSITIVE_LIPO_2	LIPO(Sec/SPII)	0.012939	0.001346	0.985054	0.000662	CS pos: 29-30. AIS-CG. Pr: 0.9854
P29230_POSITIVE_LIPO_2	LIPO(Sec/SPII)	0.012403	0.001383	0.985702	0.000512	CS pos: 29-30. AIS-CG. Pr: 0.9865
Q49538_POSITIVE_LIPO_2	LIPO(Sec/SPII)	0.012619	0.003032	0.983765	0.000584	CS pos: 29-30. TIS-CG. Pr: 0.9839
P29229_POSITIVE_LIPO_2	LIPO(Sec/SPII)	0.011937	0.001963	0.985484	0.000617	CS pos: 29-30. AIS-CG. Pr: 0.9864
P47341_POSITIVE_LIPO_0	LIPO(Sec/SPII)	0.001302	0.000186	0.998097	0.000415	CS pos: 22-23. LTA-CS. Pr: 0.9990
P75505_POSITIVE_LIPO_1	LIPO(Sec/SPII)	0.024627	0.000196	0.974842	0.000335	CS pos: 25-26. LSA-CT. Pr: 0.9745
P33276_POSITIVE_LIPO_2	LIPO(Sec/SPII)	0.008444	0.000442	0.989660	0.001453	CS pos: 27-28. FSS-CS. Pr: 0.9897
P75493_POSITIVE_LIPO_1	LIPO(Sec/SPII)	0.002831	0.000159	0.996608	0.000401	CS pos: 22-23. LAA-CG. Pr: 0.9971
P47678_POSITIVE_LIPO_1	LIPO(Sec/SPII)	0.001947	0.000314	0.997332	0.000407	CS pos: 25-26. ITA-CS. Pr: 0.9978
P75496_POSITIVE_LIPO_1	LIPO(Sec/SPII)	0.002031	0.000165	0.997424	0.000380	CS pos: 22-23. LAA-CG. Pr: 0.9982
P47314_POSITIVE_LIPO_0	LIPO(Sec/SPII)	0.000427	0.000121	0.999122	0.000330	CS pos: 23-24. LTG-CS. Pr: 0.9995
P75334_POSITIVE_LIPO_1	LIPO(Sec/SPII)	0.029012	0.002644	0.965086	0.003259	CS pos: 27-28. AVA-CA. Pr: 0.9645
Q50289_POSITIVE_LIPO_1	LIPO(Sec/SPII)	0.001151	0.000248	0.997822	0.000778	CS pos: 20-21. LIA-CG. Pr: 0.9980
P75489_POSITIVE_LIPO_1	LIPO(Sec/SPII)	0.002811	0.000208	0.996516	0.000464	CS pos: 22-23. LAA-CG. Pr: 0.9970
Q50327_POSITIVE_LIPO_2	LIPO(Sec/SPII)	0.002455	0.001320	0.986181	0.010043	CS pos: 27-28. LVS-CT. Pr: 0.9838
P33256_POSITIVE_LIPO_2	LIPO(Sec/SPII)	0.002351	0.000233	0.995045	0.002370	CS pos: 25-26. VSS-CS. Pr: 0.9947
Q9PR09_POSITIVE_LIPO_2	LIPO(Sec/SPII)	0.002834	0.000152	0.996158	0.000856	CS pos: 27-28. LTS-CT. Pr: 0.9968
P47643_POSITIVE_LIPO_2	LIPO(Sec/SPII)	0.001764	0.000461	0.993532	0.004243	CS pos: 27-28. LVS-CT. Pr: 0.9933
Q49410_POSITIVE_LIPO_2	LIPO(Sec/SPII)	0.003073	0.000150	0.996145	0.000632	CS pos: 25-26. LIS-CA. Pr: 0.9961
P0DI99_POSITIVE_LIPO_2	LIPO(Sec/SPII)	0.070000	0.000519	0.928104	0.001377	CS pos: 30-31. VYS-CS. Pr: 0.9662
P0DI98_POSITIVE_LIPO_2	LIPO(Sec/SPII)	0.008290	0.000313	0.990984	0.000413	CS pos: 30-31. VSS-CS. Pr: 0.9931
P0C0J7_POSITIVE_LIPO_2	LIPO(Sec/SPII)	0.003962	0.002251	0.993156	0.000631	CS pos: 27-28. AAG-CG. Pr: 0.9939
P55801_POSITIVE_LIPO_0	LIPO(Sec/SPII)	0.002338	0.000155	0.997339	0.000169	CS pos: 24-25. VVS-CS. Pr: 0.9973
P75371_POSITIVE_LIPO_2	LIPO(Sec/SPII)	0.002553	0.000467	0.993933	0.003046	CS pos: 26-27. FVS-CA. Pr: 0.9955
P47291_POSITIVE_LIPO_2	LIPO(Sec/SPII)	0.023141	0.000489	0.975445	0.000924	CS pos: 22-23. LSS-CG. Pr: 0.9768
P75062_POSITIVE_LIPO_2	LIPO(Sec/SPII)	0.006262	0.000293	0.991017	0.002428	CS pos: 26-27. LVS-CG. Pr: 0.9912
P75102_POSITIVE_LIPO_1	LIPO(Sec/SPII)	0.001941	0.000064	0.997723	0.000272	CS pos: 19-20. LSA-CS. Pr: 0.9985
P75034_POSITIVE_LIPO_1	LIPO(Sec/SPII)	0.002228	0.000187	0.997181	0.000403	CS pos: 22-23. LAA-CG. Pr: 0.9978
P47431_POSITIVE_LIPO_1	LIPO(Sec/SPII)	0.004745	0.000297	0.994176	0.000781	CS pos: 22-23. TTA-CS. Pr: 0.9955
P47432_POSITIVE_LIPO_2	LIPO(Sec/SPII)	0.029611	0.000699	0.967351	0.002339	CS pos: 24-25. ATA-CI. Pr: 0.9735
P75376_POSITIVE_LIPO_1	LIPO(Sec/SPII)	0.002971	0.000203	0.996380	0.000447	CS pos: 23-24. LTA-CG. Pr: 0.9969
Q50335_POSITIVE_LIPO_0	LIPO(Sec/SPII)	0.009146	0.001024	0.988759	0.001070	CS pos: 22-23. LTA-CS. Pr: 0.9889
P47580_POSITIVE_LIPO_0	LIPO(Sec/SPII)	0.004909	0.000635	0.993684	0.000772	CS pos: 26-27. ITA-CS. Pr: 0.9939
P75373_POSITIVE_LIPO_1	LIPO(Sec/SPII)	0.021122	0.000179	0.978361	0.000338	CS pos: 25-26. LSA-CT. Pr: 0.9778
Q50337_POSITIVE_LIPO_2	LIPO(Sec/SPII)	0.029280	0.001301	0.964559	0.004860	CS pos: 32-33. FTA-CA. Pr: 0.9629
P75316_POSITIVE_LIPO_1	LIPO(Sec/SPII)	0.020212	0.000223	0.979259	0.000306	CS pos: 25-26. LSA-CT. Pr: 0.9788
P75296_POSITIVE_LIPO_0	LIPO(Sec/SPII)	0.001850	0.000446	0.996975	0.000730	CS pos: 26-27. LAA-CS. Pr: 0.9979
P75255_POSITIVE_LIPO_2	LIPO(Sec/SPII)	0.000789	0.000135	0.998656	0.000421	CS pos: 29-30. LSS-CS. Pr: 0.9994
P75184_POSITIVE_LIPO_0	LIPO(Sec/SPII)	0.006321	0.000415	0.992245	0.001019	CS pos: 22-23. FSG-CA. Pr: 0.9935
P75583_POSITIVE_LIPO_2	LIPO(Sec/SPII)	0.002007	0.000344	0.996981	0.000668	CS pos: 23-24. LVS-CA. Pr: 0.9975
P45615_POSITIVE_LIPO_2	LIPO(Sec/SPII)	0.030550	0.001208	0.966716	0.001527	CS pos: 23-24. TIS-CV. Pr: 0.9672
P75418_POSITIVE_LIPO_1	LIPO(Sec/SPII)	0.002734	0.000160	0.996689	0.000417	CS pos: 22-23. LAA-CG. Pr: 0.9971
Q50339_POSITIVE_LIPO_0	LIPO(Sec/SPII)	0.001502	0.000108	0.998190	0.000199	CS pos: 22-23. LSA-CA. Pr: 0.9984
P75158_POSITIVE_LIPO_1	LIPO(Sec/SPII)	0.014243	0.000328	0.984264	0.001165	CS pos: 22-23. LSS-CS. Pr: 0.9848
P75151_POSITIVE_LIPO_1	LIPO(Sec/SPII)	0.001629	0.000115	0.997835	0.000421	CS pos: 25-26. FTA-CS. Pr: 0.9984
P75327_POSITIVE_LIPO_1	LIPO(Sec/SPII)	0.069839	0.004789	0.924452	0.000919	CS pos: 24-25. LSA-CA. Pr: 0.9257
P75324_POSITIVE_LIPO_1	LIPO(Sec/SPII)	0.069985	0.005284	0.923714	0.001017	CS pos: 24-25. LSA-CA. Pr: 0.9251
P75198_POSITIVE_LIPO_0	LIPO(Sec/SPII)	0.001187	0.000116	0.998308	0.000389	CS pos: 22-23. LSA-CS. Pr: 0.9990
P75137_POSITIVE_LIPO_1	LIPO(Sec/SPII)	0.006644	0.000162	0.992532	0.000662	CS pos: 25-26. LSA-CT. Pr: 0.9925
P47502_POSITIVE_LIPO_1	LIPO(Sec/SPII)	0.002947	0.000204	0.996373	0.000477	CS pos: 22-23. LMA-CS. Pr: 0.9946
P47635_POSITIVE_LIPO_2	LIPO(Sec/SPII)	0.005301	0.000256	0.994029	0.000414	CS pos: 26-27. LAS-CS. Pr: 0.9936
P75155_POSITIVE_LIPO_1	LIPO(Sec/SPII)	0.005804	0.000201	0.993619	0.000376	CS pos: 19-20. LSA-CS. Pr: 0.9949
P75153_POSITIVE_LIPO_1	LIPO(Sec/SPII)	0.005113	0.000615	0.993722	0.000550	CS pos: 25-26. LSA-CS. Pr: 0.9945
Q9S5X0_POSITIVE_NO_SP_1	OTHER	0.308945	0.008685	0.179030	0.503340	
P17721_POSITIVE_NO_SP_2	OTHER	0.002911	0.000093	0.000271	0.996725	
P9WKD3_POSITIVE_TATLIPO_2	LIPO(Sec/SPII)	0.021704	0.280710	0.696134	0.001452	CS pos: 23-24. VTG-CA. Pr: 0.6983
P9WKD2_POSITIVE_TATLIPO_2	LIPO(Sec/SPII)	0.021704	0.280710	0.696134	0.001452	CS pos: 23-24. VTG-CA. Pr: 0.6983
P0A5I7_POSITIVE_TATLIPO_2	LIPO(Sec/SPII)	0.021704	0.280710	0.696134	0.001452	CS pos: 23-24. VTG-CA. Pr: 0.6983
O50499_POSITIVE_TATLIPO_2	LIPO(Sec/SPII)	0.003598	0.316484	0.679318	0.000601	CS pos: 29-30. AVA-CS. Pr: 0.6948
P25956_POSITIVE_PILIN_0	OTHER	0.345665	0.037745	0.018065	0.598525	
Q8VQ71_POSITIVE_PILIN_1	OTHER	0.391461	0.005336	0.023744	0.579458	
P25957_POSITIVE_PILIN_2	SP(Sec/SPI)	0.530979	0.005654	0.002988	0.460379	CS pos: 36-37. LMA-DE. Pr: 0.4730
P33555_POSITIVE_PILIN_2	OTHER	0.099222	0.000970	0.006714	0.893093	
P9WGE9_POSITIVE_LIPO_0	LIPO(Sec/SPII)	0.015306	0.055856	0.927771	0.001067	CS pos: 32-33. LSA-CS. Pr: 0.9094
P9WG29_POSITIVE_LIPO_0	LIPO(Sec/SPII)	0.247929	0.000709	0.745793	0.005568	CS pos: 23-24. VAA-CK. Pr: 0.7500
Q2FVE7_POSITIVE_LIPO_2	LIPO(Sec/SPII)	0.000447	0.000088	0.999166	0.000299	CS pos: 20-21. LTG-CG. Pr: 0.9998
P9WGT7_POSITIVE_LIPO_1	LIPO(Sec/SPII)	0.002002	0.000361	0.997215	0.000422	CS pos: 22-23. LSA-CG. Pr: 0.9975
O53223_POSITIVE_LIPO_2	LIPO(Sec/SPII)	0.009068	0.003819	0.984382	0.002732	CS pos: 34-35. AVA-CG. Pr: 0.9842
Q2FZE6_POSITIVE_LIPO_2	LIPO(Sec/SPII)	0.000789	0.000052	0.999024	0.000135	CS pos: 19-20. LTS-CQ. Pr: 0.9994
P0CAX7_POSITIVE_LIPO_2	LIPO(Sec/SPII)	0.000796	0.000608	0.998221	0.000375	CS pos: 24-25. LAG-CS. Pr: 0.9979
A6QG34_POSITIVE_LIPO_2	LIPO(Sec/SPII)	0.000789	0.000052	0.999024	0.000135	CS pos: 19-20. LTS-CQ. Pr: 0.9994
P9WGT9_POSITIVE_LIPO_1	LIPO(Sec/SPII)	0.003607	0.000494	0.995611	0.000287	CS pos: 22-23. LTA-CG. Pr: 0.9957
P9WNF3_POSITIVE_LIPO_2	LIPO(Sec/SPII)	0.000796	0.000608	0.998221	0.000375	CS pos: 24-25. LAG-CS. Pr: 0.9979
A0A0H3JTL0_POSITIVE_LIPO_2	LIPO(Sec/SPII)	0.000447	0.000088	0.999166	0.000299	CS pos: 20-21. LTG-CG. Pr: 0.9998
Q7A652_POSITIVE_LIPO_2	LIPO(Sec/SPII)	0.000789	0.000052	0.999024	0.000135	CS pos: 19-20. LTS-CQ. Pr: 0.9994
P9WK55_POSITIVE_LIPO_2	LIPO(Sec/SPII)	0.004978	0.002204	0.991895	0.000923	CS pos: 24-25. IGG-CS. Pr: 0.9917
Q81L65_POSITIVE_LIPO_1	LIPO(Sec/SPII)	0.001041	0.000146	0.998361	0.000452	CS pos: 17-18. AVG-CG. Pr: 0.9992
H8EZH5_POSITIVE_LIPO_0	LIPO(Sec/SPII)	0.247929	0.000709	0.745793	0.005568	CS pos: 23-24. VAA-CK. Pr: 0.7500
Q2FHU8_POSITIVE_LIPO_2	LIPO(Sec/SPII)	0.000789	0.000052	0.999024	0.000135	CS pos: 19-20. LTS-CQ. Pr: 0.9994
Q2FZJ9_POSITIVE_LIPO_0	LIPO(Sec/SPII)	0.000508	0.000057	0.998769	0.000666	CS pos: 19-20. LSG-CS. Pr: 0.9995
P0A4G4_POSITIVE_LIPO_1	LIPO(Sec/SPII)	0.001345	0.000099	0.998355	0.000201	CS pos: 20-21. LVA-CS. Pr: 0.9988
Q99V36_POSITIVE_LIPO_0	LIPO(Sec/SPII)	0.000508	0.000057	0.998769	0.000666	CS pos: 19-20. LSG-CS. Pr: 0.9995
P9WGE8_POSITIVE_LIPO_0	LIPO(Sec/SPII)	0.015306	0.055856	0.927771	0.001067	CS pos: 32-33. LSA-CS. Pr: 0.9094
Q7A698_POSITIVE_LIPO_0	LIPO(Sec/SPII)	0.000508	0.000057	0.998769	0.000666	CS pos: 19-20. LSG-CS. Pr: 0.9995
Q99UX1_POSITIVE_LIPO_2	LIPO(Sec/SPII)	0.000789	0.000052	0.999024	0.000135	CS pos: 19-20. LTS-CQ. Pr: 0.9994
Q5HH23_POSITIVE_LIPO_0	LIPO(Sec/SPII)	0.000508	0.000057	0.998769	0.000666	CS pos: 19-20. LSG-CS. Pr: 0.9995
Q6GI23_POSITIVE_LIPO_0	LIPO(Sec/SPII)	0.000508	0.000057	0.998769	0.000666	CS pos: 19-20. LSG-CS. Pr: 0.9995
Q7A181_POSITIVE_LIPO_0	LIPO(Sec/SPII)	0.000508	0.000057	0.998769	0.000666	CS pos: 19-20. LSG-CS. Pr: 0.9995
Q6GHV3_POSITIVE_LIPO_2	LIPO(Sec/SPII)	0.000789	0.000052	0.999024	0.000135	CS pos: 19-20. LTS-CQ. Pr: 0.9994
A7X153_POSITIVE_LIPO_2	LIPO(Sec/SPII)	0.000789	0.000052	0.999024	0.000135	CS pos: 19-20. LTS-CQ. Pr: 0.9994
Q7A150_POSITIVE_LIPO_2	LIPO(Sec/SPII)	0.000789	0.000052	0.999024	0.000135	CS pos: 19-20. LTS-CQ. Pr: 0.9994
Q2YX14_POSITIVE_LIPO_0	LIPO(Sec/SPII)	0.000508	0.000057	0.998769	0.000666	CS pos: 19-20. LSG-CS. Pr: 0.9995
Q2YX92_POSITIVE_LIPO_2	LIPO(Sec/SPII)	0.000789	0.000052	0.999024	0.000135	CS pos: 19-20. LTS-CQ. Pr: 0.9994
Q6GAF2_POSITIVE_LIPO_0	LIPO(Sec/SPII)	0.000508	0.000057	0.998769	0.000666	CS pos: 19-20. LSG-CS. Pr: 0.9995
Q6GA82_POSITIVE_LIPO_2	LIPO(Sec/SPII)	0.000789	0.000052	0.999024	0.000135	CS pos: 19-20. LTS-CQ. Pr: 0.9994
P9WGU3_POSITIVE_LIPO_2	LIPO(Sec/SPII)	0.005091	0.003937	0.990658	0.000314	CS pos: 21-22. LVA-CG. Pr: 0.9898
A0A0H3MBK5_POSITIVE_LIPO_1	LIPO(Sec/SPII)	0.002002	0.000361	0.997215	0.000422	CS pos: 22-23. LSA-CG. Pr: 0.9975
P9WK37_POSITIVE_LIPO_0	LIPO(Sec/SPII)	0.004965	0.000215	0.994589	0.000230	CS pos: 19-20. LAG-CA. Pr: 0.9952
A0A0H3MBL5_POSITIVE_LIPO_1	LIPO(Sec/SPII)	0.003607	0.000494	0.995611	0.000287	CS pos: 22-23. LTA-CG. Pr: 0.9957
B1AIC4_POSITIVE_LIPO_2	LIPO(Sec/SPII)	0.002834	0.000152	0.996158	0.000856	CS pos: 27-28. LTS-CT. Pr: 0.9968
P9WHR2_POSITIVE_LIPO_2	LIPO(Sec/SPII)	0.027440	0.038811	0.913277	0.020472	CS pos: 30-31. LVG-CI. Pr: 0.9103
P9WGT6_POSITIVE_LIPO_1	LIPO(Sec/SPII)	0.002002	0.000361	0.997215	0.000422	CS pos: 22-23. LSA-CG. Pr: 0.9975
P65631_POSITIVE_LIPO_1	LIPO(Sec/SPII)	0.015979	0.000177	0.980440	0.003403	CS pos: 25-26. LVA-CG. Pr: 0.9807
C1AFY9_POSITIVE_LIPO_2	LIPO(Sec/SPII)	0.000796	0.000608	0.998221	0.000375	CS pos: 24-25. LAG-CS. Pr: 0.9979
P9WK40_POSITIVE_LIPO_0	LIPO(Sec/SPII)	0.011003	0.000184	0.988385	0.000428	CS pos: 15-16. LSA-CA. Pr: 0.9892
P65319_POSITIVE_LIPO_0	LIPO(Sec/SPII)	0.011003	0.000184	0.988385	0.000428	CS pos: 15-16. LSA-CA. Pr: 0.9892
P0DF60_POSITIVE_LIPO_1	LIPO(Sec/SPII)	0.001345	0.000099	0.998355	0.000201	CS pos: 20-21. LVA-CS. Pr: 0.9988
Q8Y7A9_POSITIVE_LIPO_1	LIPO(Sec/SPII)	0.000354	0.000072	0.999311	0.000263	CS pos: 21-22. LTG-CS. Pr: 0.9996
Q5HLG6_POSITIVE_LIPO_1	LIPO(Sec/SPII)	0.000438	0.000090	0.998896	0.000576	CS pos: 18-19. LAG-CD. Pr: 0.9998
Q2FWG4_POSITIVE_LIPO_1	LIPO(Sec/SPII)	0.000365	0.000066	0.999252	0.000316	CS pos: 19-20. LAG-CD. Pr: 0.9999
Q5HMD1_POSITIVE_LIPO_1	LIPO(Sec/SPII)	0.000328	0.000056	0.999337	0.000280	CS pos: 19-20. LAG-CD. Pr: 0.9999
Q8DQ24_POSITIVE_LIPO_1	LIPO(Sec/SPII)	0.006396	0.000048	0.993393	0.000162	CS pos: 20-21. LAA-CS. Pr: 0.9939
P65628_POSITIVE_LIPO_1	LIPO(Sec/SPII)	0.000365	0.000066	0.999252	0.000316	CS pos: 19-20. LAG-CD. Pr: 0.9999
Q8E6W4_POSITIVE_LIPO_1	LIPO(Sec/SPII)	0.006119	0.000177	0.989753	0.003951	CS pos: 20-21. LVA-CG. Pr: 0.9904
P65629_POSITIVE_LIPO_1	LIPO(Sec/SPII)	0.000365	0.000066	0.999252	0.000316	CS pos: 19-20. LAG-CD. Pr: 0.9999
P65630_POSITIVE_LIPO_1	LIPO(Sec/SPII)	0.000365	0.000066	0.999252	0.000316	CS pos: 19-20. LAG-CD. Pr: 0.9999
Q5HEA9_POSITIVE_LIPO_1	LIPO(Sec/SPII)	0.000365	0.000066	0.999252	0.000316	CS pos: 19-20. LAG-CD. Pr: 0.9999
P0DC86_POSITIVE_LIPO_1	LIPO(Sec/SPII)	0.015979	0.000177	0.980440	0.003403	CS pos: 25-26. LVA-CG. Pr: 0.9807
Q5XDQ5_POSITIVE_LIPO_1	LIPO(Sec/SPII)	0.002995	0.000492	0.995550	0.000962	CS pos: 23-24. LTG-CV. Pr: 0.9964
Q2FKG0_POSITIVE_LIPO_1	LIPO(Sec/SPII)	0.001075	0.000081	0.998621	0.000223	CS pos: 24-25. TAG-CG. Pr: 0.9991
Q99RE6_POSITIVE_LIPO_1	LIPO(Sec/SPII)	0.000603	0.000119	0.998965	0.000313	CS pos: 22-23. IGA-CG. Pr: 0.9992
Q6GJM8_POSITIVE_LIPO_1	LIPO(Sec/SPII)	0.000413	0.000056	0.999261	0.000271	CS pos: 22-23. IGG-CG. Pr: 0.9998
Q8NY38_POSITIVE_LIPO_1	LIPO(Sec/SPII)	0.000740	0.000066	0.998989	0.000204	CS pos: 22-23. VTS-CG. Pr: 0.9994
Q99WF9_POSITIVE_LIPO_1	LIPO(Sec/SPII)	0.000512	0.000057	0.999206	0.000226	CS pos: 22-23. IIG-CN. Pr: 0.9997
Q2FH48_POSITIVE_LIPO_1	LIPO(Sec/SPII)	0.000881	0.000100	0.998765	0.000255	CS pos: 20-21. LGA-CG. Pr: 0.9991
Q2YXX9_POSITIVE_LIPO_1	LIPO(Sec/SPII)	0.000881	0.000100	0.998765	0.000255	CS pos: 20-21. LGA-CG. Pr: 0.9991
Q6GH18_POSITIVE_LIPO_1	LIPO(Sec/SPII)	0.000881	0.000100	0.998765	0.000255	CS pos: 20-21. LGA-CG. Pr: 0.9991
Q6G9H1_POSITIVE_LIPO_1	LIPO(Sec/SPII)	0.000881	0.000100	0.998765	0.000255	CS pos: 20-21. LGA-CG. Pr: 0.9991
Q8CWN2_POSITIVE_LIPO_1	LIPO(Sec/SPII)	0.002123	0.000062	0.997603	0.000213	CS pos: 18-19. LVA-CS. Pr: 0.9981
P9WK59_POSITIVE_LIPO_0	LIPO(Sec/SPII)	0.007916	0.001517	0.989633	0.000935	CS pos: 29-30. AVA-CG. Pr: 0.9883
P9WK52_POSITIVE_LIPO_0	LIPO(Sec/SPII)	0.002546	0.000250	0.997008	0.000195	CS pos: 24-25. VAG-CS. Pr: 0.9976
B1IBE1_POSITIVE_LIPO_1	LIPO(Sec/SPII)	0.006396	0.000048	0.993393	0.000162	CS pos: 20-21. LAA-CS. Pr: 0.9939
Q2G2S6_POSITIVE_LIPO_1	LIPO(Sec/SPII)	0.015180	0.000182	0.984206	0.000432	CS pos: 20-21. LGA-CG. Pr: 0.9847
P0DD45_POSITIVE_LIPO_1	LIPO(Sec/SPII)	0.000642	0.000102	0.998920	0.000336	CS pos: 22-23. LSA-CQ. Pr: 0.9997
P9WK36_POSITIVE_LIPO_0	LIPO(Sec/SPII)	0.004965	0.000215	0.994589	0.000230	CS pos: 19-20. LAG-CA. Pr: 0.9952
P9WK51_POSITIVE_LIPO_2	LIPO(Sec/SPII)	0.009243	0.006459	0.768420	0.215879	CS pos: 21-22. TCG-CL. Pr: 0.6758
Q5HG31_POSITIVE_LIPO_1	LIPO(Sec/SPII)	0.000881	0.000100	0.998765	0.000255	CS pos: 20-21. LGA-CG. Pr: 0.9991
A8YY10_POSITIVE_LIPO_1	LIPO(Sec/SPII)	0.015180	0.000182	0.984206	0.000432	CS pos: 20-21. LGA-CG. Pr: 0.9847
A7X3U8_POSITIVE_LIPO_1	LIPO(Sec/SPII)	0.015180	0.000182	0.984206	0.000432	CS pos: 20-21. LGA-CG. Pr: 0.9847
B8ZPD9_POSITIVE_LIPO_1	LIPO(Sec/SPII)	0.006396	0.000048	0.993393	0.000162	CS pos: 20-21. LAA-CS. Pr: 0.9939
P9WK43_POSITIVE_LIPO_0	LIPO(Sec/SPII)	0.005123	0.001710	0.992413	0.000754	CS pos: 27-28. LAA-CT. Pr: 0.9930
P60749_POSITIVE_LIPO_1	LIPO(Sec/SPII)	0.015180	0.000182	0.984206	0.000432	CS pos: 20-21. LGA-CG. Pr: 0.9847
Q5HN96_POSITIVE_LIPO_1	LIPO(Sec/SPII)	0.003093	0.000139	0.996370	0.000399	CS pos: 20-21. LGA-CG. Pr: 0.9972
Q8P0E5_POSITIVE_LIPO_1	LIPO(Sec/SPII)	0.000847	0.000109	0.998740	0.000304	CS pos: 22-23. LAA-CQ. Pr: 0.9995
Q9L5W9_POSITIVE_LIPO_1	LIPO(Sec/SPII)	0.002295	0.000065	0.997446	0.000194	CS pos: 19-20. LVA-CA. Pr: 0.9973
P0DD44_POSITIVE_LIPO_1	LIPO(Sec/SPII)	0.000642	0.000102	0.998920	0.000336	CS pos: 22-23. LSA-CQ. Pr: 0.9997
Q7U093_POSITIVE_LIPO_0	LIPO(Sec/SPII)	0.002546	0.000250	0.997008	0.000195	CS pos: 24-25. VAG-CS. Pr: 0.9976
A1KNP6_POSITIVE_LIPO_0	LIPO(Sec/SPII)	0.004965	0.000215	0.994589	0.000230	CS pos: 19-20. LAG-CA. Pr: 0.9952
P9WK57_POSITIVE_LIPO_0	LIPO(Sec/SPII)	0.005811	0.001072	0.991723	0.001394	CS pos: 25-26. VAG-CS. Pr: 0.9836
P60813_POSITIVE_LIPO_1	LIPO(Sec/SPII)	0.000642	0.000102	0.998920	0.000336	CS pos: 22-23. LSA-CQ. Pr: 0.9997
P9WK42_POSITIVE_LIPO_0	LIPO(Sec/SPII)	0.005123	0.001710	0.992413	0.000754	CS pos: 27-28. LAA-CT. Pr: 0.9930
P9WK68_POSITIVE_LIPO_0	LIPO(Sec/SPII)	0.012924	0.007835	0.976855	0.002385	CS pos: 30-31. ASG-CA. Pr: 0.9681
P0A4G3_POSITIVE_LIPO_1	LIPO(Sec/SPII)	0.001806	0.000062	0.997937	0.000195	CS pos: 19-20. LVA-CA. Pr: 0.9977
Q8P280_POSITIVE_LIPO_1	LIPO(Sec/SPII)	0.001523	0.000086	0.998195	0.000197	CS pos: 20-21. LVA-CS. Pr: 0.9987
P60747_POSITIVE_LIPO_1	LIPO(Sec/SPII)	0.015180	0.000182	0.984206	0.000432	CS pos: 20-21. LGA-CG. Pr: 0.9847
P65301_POSITIVE_LIPO_0	LIPO(Sec/SPII)	0.000801	0.000628	0.998399	0.000173	CS pos: 22-23. LSG-CS. Pr: 0.9982
P9WK74_POSITIVE_LIPO_0	LIPO(Sec/SPII)	0.000801	0.000628	0.998399	0.000173	CS pos: 22-23. LSG-CS. Pr: 0.9982
Q7U0V0_POSITIVE_LIPO_0	LIPO(Sec/SPII)	0.007916	0.001517	0.989633	0.000935	CS pos: 29-30. AVA-CG. Pr: 0.9883
P65303_POSITIVE_LIPO_0	LIPO(Sec/SPII)	0.012924	0.007835	0.976855	0.002385	CS pos: 30-31. ASG-CA. Pr: 0.9681
P9WGU2_POSITIVE_LIPO_2	LIPO(Sec/SPII)	0.005091	0.003937	0.990658	0.000314	CS pos: 21-22. LVA-CG. Pr: 0.9898
Q5X9P6_POSITIVE_LIPO_1	LIPO(Sec/SPII)	0.000642	0.000102	0.998920	0.000336	CS pos: 22-23. LSA-CQ. Pr: 0.9997
P60811_POSITIVE_LIPO_1	LIPO(Sec/SPII)	0.000847	0.000109	0.998740	0.000304	CS pos: 22-23. LAA-CQ. Pr: 0.9995
Q2FYP6_POSITIVE_LIPO_1	LIPO(Sec/SPII)	0.000881	0.000100	0.998765	0.000255	CS pos: 20-21. LGA-CG. Pr: 0.9991
Q6G894_POSITIVE_LIPO_1	LIPO(Sec/SPII)	0.015180	0.000182	0.984206	0.000432	CS pos: 20-21. LGA-CG. Pr: 0.9847
A6U2U4_POSITIVE_LIPO_1	LIPO(Sec/SPII)	0.015180	0.000182	0.984206	0.000432	CS pos: 20-21. LGA-CG. Pr: 0.9847
B2IPD4_POSITIVE_LIPO_1	LIPO(Sec/SPII)	0.006178	0.000048	0.993611	0.000164	CS pos: 20-21. LAA-CS. Pr: 0.9941
Q5XBH0_POSITIVE_LIPO_1	LIPO(Sec/SPII)	0.000847	0.000109	0.998740	0.000304	CS pos: 22-23. LAA-CQ. Pr: 0.9995
Q5HET4_POSITIVE_LIPO_1	LIPO(Sec/SPII)	0.015180	0.000182	0.984206	0.000432	CS pos: 20-21. LGA-CG. Pr: 0.9847
A5I7R3_POSITIVE_LIPO_1	LIPO(Sec/SPII)	0.002684	0.000103	0.997021	0.000192	CS pos: 22-23. FTA-CD. Pr: 0.9978
A7FPK5_POSITIVE_LIPO_1	LIPO(Sec/SPII)	0.002684	0.000103	0.997021	0.000192	CS pos: 22-23. FTA-CD. Pr: 0.9978
Q8E0C6_POSITIVE_LIPO_1	LIPO(Sec/SPII)	0.000900	0.000138	0.998670	0.000292	CS pos: 22-23. LAA-CS. Pr: 0.9992
Q3K1P9_POSITIVE_LIPO_1	LIPO(Sec/SPII)	0.000900	0.000138	0.998670	0.000292	CS pos: 22-23. LAA-CS. Pr: 0.9992
P65311_POSITIVE_LIPO_0	LIPO(Sec/SPII)	0.005811	0.001072	0.991723	0.001394	CS pos: 25-26. VAG-CS. Pr: 0.9836
P60748_POSITIVE_LIPO_1	LIPO(Sec/SPII)	0.015180	0.000182	0.984206	0.000432	CS pos: 20-21. LGA-CG. Pr: 0.9847
C1CRR9_POSITIVE_LIPO_1	LIPO(Sec/SPII)	0.006396	0.000048	0.993393	0.000162	CS pos: 20-21. LAA-CS. Pr: 0.9939
Q6GCC9_POSITIVE_LIPO_1	LIPO(Sec/SPII)	0.000480	0.000073	0.999161	0.000285	CS pos: 17-18. IAA-CG. Pr: 0.9997
Q7U094_POSITIVE_LIPO_2	LIPO(Sec/SPII)	0.004978	0.002204	0.991895	0.000923	CS pos: 24-25. IGG-CS. Pr: 0.9917
C1CDX6_POSITIVE_LIPO_1	LIPO(Sec/SPII)	0.006396	0.000048	0.993393	0.000162	CS pos: 20-21. LAA-CS. Pr: 0.9939
P0C0J8_POSITIVE_LIPO_2	LIPO(Sec/SPII)	0.003962	0.002251	0.993156	0.000631	CS pos: 27-28. AAG-CG. Pr: 0.9939
Q8E310_POSITIVE_LIPO_1	LIPO(Sec/SPII)	0.000527	0.000102	0.999191	0.000181	CS pos: 23-24. LAG-CS. Pr: 0.9996
Q97R51_POSITIVE_LIPO_1	LIPO(Sec/SPII)	0.006178	0.000048	0.993611	0.000164	CS pos: 20-21. LAA-CS. Pr: 0.9941
Q7A5Q2_POSITIVE_LIPO_1	LIPO(Sec/SPII)	0.000881	0.000100	0.998765	0.000255	CS pos: 20-21. LGA-CG. Pr: 0.9991
Q2YTZ6_POSITIVE_LIPO_1	LIPO(Sec/SPII)	0.015180	0.000182	0.984206	0.000432	CS pos: 20-21. LGA-CG. Pr: 0.9847
A6QI23_POSITIVE_LIPO_1	LIPO(Sec/SPII)	0.015180	0.000182	0.984206	0.000432	CS pos: 20-21. LGA-CG. Pr: 0.9847
Q7A2S1_POSITIVE_LIPO_1	LIPO(Sec/SPII)	0.000881	0.000100	0.998765	0.000255	CS pos: 20-21. LGA-CG. Pr: 0.9991
Q8NYA3_POSITIVE_LIPO_1	LIPO(Sec/SPII)	0.000480	0.000073	0.999161	0.000285	CS pos: 17-18. IAA-CG. Pr: 0.9997
Q2FJS0_POSITIVE_LIPO_1	LIPO(Sec/SPII)	0.000480	0.000073	0.999161	0.000285	CS pos: 17-18. IAA-CG. Pr: 0.9997
Q7A7M3_POSITIVE_LIPO_1	LIPO(Sec/SPII)	0.000480	0.000073	0.999161	0.000285	CS pos: 17-18. IAA-CG. Pr: 0.9997
Q2YVG5_POSITIVE_LIPO_1	LIPO(Sec/SPII)	0.000480	0.000073	0.999161	0.000285	CS pos: 17-18. IAA-CG. Pr: 0.9997
Q5HIV1_POSITIVE_LIPO_1	LIPO(Sec/SPII)	0.000480	0.000073	0.999161	0.000285	CS pos: 17-18. IAA-CG. Pr: 0.9997
Q8NV41_POSITIVE_LIPO_1	LIPO(Sec/SPII)	0.000394	0.000051	0.999411	0.000144	CS pos: 17-18. LAA-CG. Pr: 0.9998
Q99WG0_POSITIVE_LIPO_1	LIPO(Sec/SPII)	0.000977	0.000054	0.998751	0.000218	CS pos: 22-23. IIG-CD. Pr: 0.9992
P59984_POSITIVE_LIPO_0	LIPO(Sec/SPII)	0.115025	0.070882	0.812556	0.001537	CS pos: 30-31. LTA-CS. Pr: 0.8129
P9WL76_POSITIVE_LIPO_0	LIPO(Sec/SPII)	0.115025	0.070882	0.812556	0.001537	CS pos: 30-31. LTA-CS. Pr: 0.8129
Q2G1Q0_POSITIVE_LIPO_1	LIPO(Sec/SPII)	0.001075	0.000081	0.998621	0.000223	CS pos: 24-25. TAG-CG. Pr: 0.9991
Q6GD26_POSITIVE_LIPO_1	LIPO(Sec/SPII)	0.001075	0.000081	0.998621	0.000223	CS pos: 24-25. TAG-CG. Pr: 0.9991
Q2G0W9_POSITIVE_LIPO_1	LIPO(Sec/SPII)	0.000413	0.000056	0.999261	0.000271	CS pos: 22-23. IGG-CG. Pr: 0.9998
Q2YUI9_POSITIVE_LIPO_1	LIPO(Sec/SPII)	0.000365	0.000066	0.999252	0.000316	CS pos: 19-20. LAG-CD. Pr: 0.9999
Q99XB5_POSITIVE_LIPO_1	LIPO(Sec/SPII)	0.000582	0.000074	0.999120	0.000225	CS pos: 24-25. FAG-CG. Pr: 0.9996
Q7A7F9_POSITIVE_LIPO_1	LIPO(Sec/SPII)	0.000940	0.000042	0.998875	0.000142	CS pos: 22-23. ATS-CG. Pr: 0.9990
Q5XDY9_POSITIVE_LIPO_1	LIPO(Sec/SPII)	0.015979	0.000177	0.980440	0.003403	CS pos: 25-26. LVA-CG. Pr: 0.9807
Q6G6V2_POSITIVE_LIPO_1	LIPO(Sec/SPII)	0.000394	0.000051	0.999411	0.000144	CS pos: 17-18. LAA-CG. Pr: 0.9998
Q99RE8_POSITIVE_LIPO_1	LIPO(Sec/SPII)	0.012482	0.000086	0.986085	0.001347	CS pos: 22-23. IGG-CI. Pr: 0.9867
Q5HIN1_POSITIVE_LIPO_1	LIPO(Sec/SPII)	0.000413	0.000056	0.999261	0.000271	CS pos: 22-23. IGG-CG. Pr: 0.9998
Q2FE14_POSITIVE_LIPO_1	LIPO(Sec/SPII)	0.000604	0.000101	0.998991	0.000304	CS pos: 22-23. IGA-CG. Pr: 0.9993
Q99WG4_POSITIVE_LIPO_1	LIPO(Sec/SPII)	0.000564	0.000071	0.999157	0.000208	CS pos: 22-23. IAG-CG. Pr: 0.9996
Q2FJJ7_POSITIVE_LIPO_1	LIPO(Sec/SPII)	0.001295	0.000037	0.998504	0.000164	CS pos: 22-23. VTS-CD. Pr: 0.9990
Q7A7F8_POSITIVE_LIPO_1	LIPO(Sec/SPII)	0.000519	0.000064	0.999142	0.000276	CS pos: 22-23. IGG-CG. Pr: 0.9997
Q99XB4_POSITIVE_LIPO_1	LIPO(Sec/SPII)	0.000654	0.000083	0.999060	0.000203	CS pos: 23-24. VAG-CG. Pr: 0.9996
Q2FF36_POSITIVE_LIPO_1	LIPO(Sec/SPII)	0.000365	0.000066	0.999252	0.000316	CS pos: 19-20. LAG-CD. Pr: 0.9999
Q6GC45_POSITIVE_LIPO_1	LIPO(Sec/SPII)	0.000773	0.000055	0.998976	0.000197	CS pos: 22-23. IIG-CD. Pr: 0.9994
P0DC87_POSITIVE_LIPO_1	LIPO(Sec/SPII)	0.015979	0.000177	0.980440	0.003403	CS pos: 25-26. LVA-CG. Pr: 0.9807
Q6GC48_POSITIVE_LIPO_1	LIPO(Sec/SPII)	0.000403	0.000052	0.999337	0.000208	CS pos: 22-23. IAG-CG. Pr: 0.9998
C1FNE4_POSITIVE_LIPO_1	LIPO(Sec/SPII)	0.002684	0.000103	0.997021	0.000192	CS pos: 22-23. FTA-CD. Pr: 0.9978
Q6GFL5_POSITIVE_LIPO_1	LIPO(Sec/SPII)	0.015180	0.000182	0.984206	0.000432	CS pos: 20-21. LGA-CG. Pr: 0.9847
A5N4J2_POSITIVE_LIPO_1	LIPO(Sec/SPII)	0.001817	0.000105	0.997824	0.000255	CS pos: 22-23. VTG-CN. Pr: 0.9984
P0DD43_POSITIVE_LIPO_1	LIPO(Sec/SPII)	0.000847	0.000109	0.998740	0.000304	CS pos: 22-23. LAA-CQ. Pr: 0.9995
Q7A887_POSITIVE_LIPO_1	LIPO(Sec/SPII)	0.001141	0.000089	0.998553	0.000217	CS pos: 23-24. TAG-CG. Pr: 0.9991
Q5HJS3_POSITIVE_LIPO_1	LIPO(Sec/SPII)	0.001141	0.000089	0.998553	0.000217	CS pos: 23-24. TAG-CG. Pr: 0.9991
Q2FVQ2_POSITIVE_LIPO_1	LIPO(Sec/SPII)	0.000394	0.000051	0.999411	0.000144	CS pos: 17-18. LAA-CG. Pr: 0.9998
Q5HJS2_POSITIVE_LIPO_1	LIPO(Sec/SPII)	0.001075	0.000081	0.998621	0.000223	CS pos: 24-25. TAG-CG. Pr: 0.9991
Q7A883_POSITIVE_LIPO_1	LIPO(Sec/SPII)	0.001045	0.000106	0.998612	0.000238	CS pos: 23-24. TAG-CG. Pr: 0.9991
Q6GD27_POSITIVE_LIPO_1	LIPO(Sec/SPII)	0.001141	0.000089	0.998553	0.000217	CS pos: 23-24. TAG-CG. Pr: 0.9991
Q99WG6_POSITIVE_LIPO_1	LIPO(Sec/SPII)	0.000580	0.000045	0.999213	0.000162	CS pos: 22-23. IAG-CG. Pr: 0.9996
Q6G6I8_POSITIVE_LIPO_1	LIPO(Sec/SPII)	0.000527	0.000054	0.999186	0.000233	CS pos: 22-23. IGA-CG. Pr: 0.9994
Q5HDI7_POSITIVE_LIPO_1	LIPO(Sec/SPII)	0.000394	0.000051	0.999411	0.000144	CS pos: 17-18. LAA-CG. Pr: 0.9998
A5IUN6_POSITIVE_LIPO_1	LIPO(Sec/SPII)	0.000365	0.000066	0.999252	0.000316	CS pos: 19-20. LAG-CD. Pr: 0.9999
C1CTN0_POSITIVE_LIPO_1	LIPO(Sec/SPII)	0.000921	0.000107	0.998471	0.000501	CS pos: 22-23. LTG-CV. Pr: 0.9992
Q5HJR9_POSITIVE_LIPO_1	LIPO(Sec/SPII)	0.001071	0.000102	0.998582	0.000245	CS pos: 23-24. TAG-CG. Pr: 0.9991
Q5HIN6_POSITIVE_LIPO_1	LIPO(Sec/SPII)	0.000492	0.000056	0.999260	0.000192	CS pos: 22-23. IAG-CG. Pr: 0.9997
Q6GD25_POSITIVE_LIPO_1	LIPO(Sec/SPII)	0.001051	0.000109	0.998530	0.000311	CS pos: 22-23. IGG-CG. Pr: 0.9991
Q2FJJ8_POSITIVE_LIPO_1	LIPO(Sec/SPII)	0.000433	0.000060	0.999187	0.000320	CS pos: 22-23. IVG-CR. Pr: 0.9998
Q2FJJ6_POSITIVE_LIPO_1	LIPO(Sec/SPII)	0.000413	0.000056	0.999261	0.000271	CS pos: 22-23. IGG-CG. Pr: 0.9998
Q2G1P8_POSITIVE_LIPO_1	LIPO(Sec/SPII)	0.001071	0.000102	0.998582	0.000245	CS pos: 23-24. TAG-CG. Pr: 0.9991
Q2G1Q1_POSITIVE_LIPO_1	LIPO(Sec/SPII)	0.001141	0.000089	0.998553	0.000217	CS pos: 23-24. TAG-CG. Pr: 0.9991
Q99XB3_POSITIVE_LIPO_1	LIPO(Sec/SPII)	0.000951	0.000089	0.998758	0.000202	CS pos: 23-24. TAG-CG. Pr: 0.9992
Q8NYU2_POSITIVE_LIPO_1	LIPO(Sec/SPII)	0.001141	0.000089	0.998553	0.000217	CS pos: 23-24. TAG-CG. Pr: 0.9991
Q8P2D8_POSITIVE_LIPO_1	LIPO(Sec/SPII)	0.002995	0.000492	0.995550	0.000962	CS pos: 23-24. LTG-CV. Pr: 0.9964
Q2FKF9_POSITIVE_LIPO_1	LIPO(Sec/SPII)	0.000974	0.000094	0.998708	0.000225	CS pos: 23-24. TAG-CG. Pr: 0.9992
Q2FKG1_POSITIVE_LIPO_1	LIPO(Sec/SPII)	0.001141	0.000089	0.998553	0.000217	CS pos: 23-24. TAG-CG. Pr: 0.9991
Q99RQ9_POSITIVE_LIPO_1	LIPO(Sec/SPII)	0.000384	0.000050	0.999423	0.000143	CS pos: 17-18. LAA-CG. Pr: 0.9998
Q2G131_POSITIVE_LIPO_1	LIPO(Sec/SPII)	0.000480	0.000073	0.999161	0.000285	CS pos: 17-18. IAA-CG. Pr: 0.9997
Q6GJX5_POSITIVE_LIPO_1	LIPO(Sec/SPII)	0.000480	0.000073	0.999161	0.000285	CS pos: 17-18. IAA-CG. Pr: 0.9997
Q6GC44_POSITIVE_LIPO_1	LIPO(Sec/SPII)	0.000413	0.000056	0.999261	0.000271	CS pos: 22-23. IGG-CG. Pr: 0.9998
P0DC89_POSITIVE_LIPO_1	LIPO(Sec/SPII)	0.002995	0.000492	0.995550	0.000962	CS pos: 23-24. LTG-CV. Pr: 0.9964
A6QIT4_POSITIVE_LIPO_1	LIPO(Sec/SPII)	0.000365	0.000066	0.999252	0.000316	CS pos: 19-20. LAG-CD. Pr: 0.9999
Q99WG1_POSITIVE_LIPO_1	LIPO(Sec/SPII)	0.000532	0.000055	0.999215	0.000199	CS pos: 22-23. VAG-CG. Pr: 0.9997
Q99WG3_POSITIVE_LIPO_1	LIPO(Sec/SPII)	0.003104	0.000236	0.995657	0.001002	CS pos: 16-17. ASG-CS. Pr: 0.9962
Q2FVC4_POSITIVE_LIPO_1	LIPO(Sec/SPII)	0.000604	0.000101	0.998991	0.000304	CS pos: 22-23. IGA-CG. Pr: 0.9993
A7X4S6_POSITIVE_LIPO_1	LIPO(Sec/SPII)	0.000365	0.000066	0.999252	0.000316	CS pos: 19-20. LAG-CD. Pr: 0.9999
Q6G7M0_POSITIVE_LIPO_1	LIPO(Sec/SPII)	0.000365	0.000066	0.999252	0.000316	CS pos: 19-20. LAG-CD. Pr: 0.9999
Q8NUV6_POSITIVE_LIPO_1	LIPO(Sec/SPII)	0.000608	0.000133	0.998845	0.000413	CS pos: 22-23. ISA-CG. Pr: 0.9996
Q2FE15_POSITIVE_LIPO_1	LIPO(Sec/SPII)	0.002892	0.000058	0.996493	0.000556	CS pos: 22-23. IGG-CV. Pr: 0.9969
Q5HIN4_POSITIVE_LIPO_1	LIPO(Sec/SPII)	0.000424	0.000033	0.999430	0.000113	CS pos: 20-21. MAG-CE. Pr: 0.9998
Q7A7G5_POSITIVE_LIPO_1	LIPO(Sec/SPII)	0.000709	0.000050	0.999064	0.000177	CS pos: 22-23. IIG-CD. Pr: 0.9995
P9WK81_POSITIVE_LIPO_2	LIPO(Sec/SPII)	0.002444	0.003113	0.991554	0.002889	CS pos: 32-33. IGG-CT. Pr: 0.9923
P9WK71_POSITIVE_LIPO_0	LIPO(Sec/SPII)	0.135023	0.084706	0.779045	0.001225	CS pos: 28-29. LPA-CS. Pr: 0.7678
P9WK77_POSITIVE_LIPO_0	LIPO(Sec/SPII)	0.009006	0.019461	0.968064	0.003468	CS pos: 28-29. LAG-CA. Pr: 0.9693
P9WK78_POSITIVE_LIPO_2	LIPO(Sec/SPII)	0.003609	0.004070	0.989719	0.002601	CS pos: 32-33. IGG-CT. Pr: 0.9901
Q9AD92_POSITIVE_SP_2	SP(Sec/SPI)	0.930211	0.049225	0.010676	0.009888	CS pos: 25-26. AVA-DS. Pr: 0.5243
P0C2S5_POSITIVE_SP_2	SP(Sec/SPI)	0.991896	0.006425	0.001108	0.000571	CS pos: 27-28. AFA-GP. Pr: 0.9490
P71451_POSITIVE_SP_1	SP(Sec/SPI)	0.895540	0.003528	0.092271	0.008661	CS pos: 34-35. VQA-ES. Pr: 0.8662
P0DJM0_POSITIVE_SP_1	SP(Sec/SPI)	0.987177	0.002953	0.007485	0.002385	CS pos: 35-36. AQA-AT. Pr: 0.8795
P02976_POSITIVE_SP_1	SP(Sec/SPI)	0.986537	0.008981	0.003804	0.000678	CS pos: 36-37. ANA-AQ. Pr: 0.9494
O53361_POSITIVE_SP_1	SP(Sec/SPI)	0.676207	0.089299	0.024430	0.210065	CS pos: 43-44. GLA-AS. Pr: 0.2074
Q9KYG7_POSITIVE_SP_2	SP(Sec/SPI)	0.538763	0.456660	0.003291	0.001287	CS pos: 35-36. VAA-AD. Pr: 0.1588
A0A0H3K686_POSITIVE_SP_1	SP(Sec/SPI)	0.986537	0.008981	0.003804	0.000678	CS pos: 36-37. ANA-AQ. Pr: 0.9494
P0C2E9_POSITIVE_SP_2	SP(Sec/SPI)	0.981067	0.001661	0.009525	0.007746	CS pos: 28-29. SFS-KD. Pr: 0.6464
P80069_POSITIVE_SP_0	SP(Sec/SPI)	0.576571	0.403249	0.018819	0.001362	CS pos: 39-40. ANA-DP. Pr: 0.6809
Q9L1J9_POSITIVE_SP_2	SP(Sec/SPI)	0.995531	0.002878	0.001212	0.000380	CS pos: 23-24. AFA-DA. Pr: 0.7293
Q9X9Z2_POSITIVE_SP_2	SP(Sec/SPI)	0.952527	0.031523	0.013505	0.002445	CS pos: 27-28. ASA-TD. Pr: 0.5154
Q934F8_POSITIVE_SP_0	SP(Sec/SPI)	0.989942	0.007361	0.002284	0.000413	CS pos: 28-29. AMA-IG. Pr: 0.7858
Q05044_POSITIVE_SP_2	SP(Sec/SPI)	0.932816	0.057820	0.007745	0.001619	CS pos: 30-31. ASA-KS. Pr: 0.3625
Q5HCY1_POSITIVE_SP_0	SP(Sec/SPI)	0.994875	0.002931	0.001546	0.000648	CS pos: 29-30. AHA-AE. Pr: 0.9855
P60158_POSITIVE_SP_0	SP(Sec/SPI)	0.994875	0.002931	0.001546	0.000648	CS pos: 29-30. AHA-AE. Pr: 0.9855
P0A5Q5_POSITIVE_SP_1	SP(Sec/SPI)	0.889733	0.000381	0.109658	0.000228	CS pos: 23-24. ATA-AP. Pr: 0.8122
P12690_POSITIVE_SP_2	SP(Sec/SPI)	0.865414	0.128882	0.003737	0.001966	CS pos: 27-28. AGA-AT. Pr: 0.2646
P06886_POSITIVE_SP_2	SP(Sec/SPI)	0.614507	0.005558	0.347108	0.032826	CS pos: 40-41. AKA-ST. Pr: 0.2557
Q7M1T6_POSITIVE_SP_0	SP(Sec/SPI)	0.988069	0.003043	0.000952	0.007937	CS pos: 32-33. VFA-DD. Pr: 0.9824
P59676_POSITIVE_NO_SP_1	OTHER	0.056535	0.001316	0.007697	0.934452	
P14677_POSITIVE_NO_SP_1	OTHER	0.056535	0.001316	0.007697	0.934452	
P54396_POSITIVE_NO_SP_2	SP(Sec/SPI)	0.900247	0.005292	0.031247	0.063215	CS pos: 32-33. AMA-QK. Pr: 0.7270
P35874_POSITIVE_NO_SP_2	OTHER	0.002941	0.000146	0.002054	0.994859	
O34525_POSITIVE_NO_SP_2	SP(Sec/SPI)	0.772457	0.011729	0.011881	0.203933	CS pos: 34-35. VKG-AQ. Pr: 0.5420
P0A3S3_POSITIVE_NO_SP_0	LIPO(Sec/SPII)	0.356297	0.017166	0.421319	0.205218	CS pos: 21-22. STG-SY. Pr: 0.2763
P49785_POSITIVE_NO_SP_2	SP(Sec/SPI)	0.667822	0.004495	0.034249	0.293434	CS pos: 32-33. KNA-VQ. Pr: 0.1259
P47523_POSITIVE_NO_SP_1	SP(Sec/SPI)	0.620732	0.018405	0.049724	0.311138	CS pos: 46-47. GYA-LV. Pr: 0.2449
P71014_POSITIVE_NO_SP_2	SP(Sec/SPI)	0.994766	0.002776	0.001986	0.000472	CS pos: 28-29. SFA-AE. Pr: 0.9510
P9WIU5_POSITIVE_NO_SP_0	OTHER	0.160449	0.029238	0.023802	0.786510	
P9WJS9_POSITIVE_NO_SP_1	SP(Sec/SPI)	0.512351	0.004323	0.084188	0.399137	CS pos: 27-28. IRG-FF. Pr: 0.1542
Q45612_POSITIVE_NO_SP_1	OTHER	0.249041	0.002214	0.008903	0.739842	
Q5L0X5_POSITIVE_NO_SP_2	OTHER	0.072062	0.002345	0.005129	0.920464	
Q794W0_POSITIVE_NO_SP_2	SP(Sec/SPI)	0.502606	0.004152	0.018736	0.474506	CS pos: 35-36. SEG-SS. Pr: 0.2185
Q81SZ9_POSITIVE_NO_SP_2	SP(Sec/SPI)	0.535976	0.004251	0.058726	0.401047	CS pos: 30-31. FFA-DK. Pr: 0.3969
Q7A0I6_POSITIVE_NO_SP_1	OTHER	0.001771	0.000242	0.003023	0.994964	
Q7WY78_POSITIVE_NO_SP_2	SP(Sec/SPI)	0.875528	0.022340	0.016031	0.086101	CS pos: 39-40. AYA-FV. Pr: 0.6865
Q8DP63_POSITIVE_NO_SP_2	OTHER	0.086343	0.001384	0.042942	0.869331	
Q5HDJ9_POSITIVE_NO_SP_1	OTHER	0.008213	0.000171	0.030623	0.960993	
P24282_POSITIVE_NO_SP_2	OTHER	0.060572	0.000911	0.157952	0.780564	
P0C2U3_POSITIVE_NO_SP_2	OTHER	0.011053	0.001939	0.000783	0.986224	
P0A0J8_POSITIVE_NO_SP_2	OTHER	0.056416	0.000349	0.002956	0.940279	
P14319_POSITIVE_NO_SP_0	OTHER	0.013296	0.000193	0.020655	0.965857	
P0C1R8_POSITIVE_NO_SP_1	OTHER	0.030264	0.000548	0.027617	0.941572	
P0A334_POSITIVE_NO_SP_0	OTHER	0.033725	0.004758	0.020403	0.941115	
P20166_POSITIVE_NO_SP_0	OTHER	0.376131	0.046938	0.061183	0.515749	
Q9CHL8_POSITIVE_NO_SP_1	OTHER	0.010738	0.000504	0.002153	0.986605	
P12287_POSITIVE_NO_SP_2	OTHER	0.002473	0.000389	0.005054	0.992083	
P18357_POSITIVE_NO_SP_1	OTHER	0.001088	0.000240	0.010009	0.988663	
P9WQ34_POSITIVE_NO_SP_0	OTHER	0.048554	0.005112	0.015321	0.931013	
P9WGK6_POSITIVE_NO_SP_2	OTHER	0.017761	0.006665	0.008328	0.967246	
B3Y963_POSITIVE_NO_SP_2	OTHER	0.009983	0.000472	0.006081	0.983464	
Q9X1I9_POSITIVE_NO_SP_2	OTHER	0.042136	0.001745	0.001737	0.954383	
Q9WYU9_POSITIVE_NO_SP_1	SP(Sec/SPI)	0.575051	0.002112	0.017636	0.405200	CS pos: 33-34. GGA-SE. Pr: 0.1852
Q9WYC4_POSITIVE_NO_SP_2	OTHER	0.004542	0.002713	0.005401	0.987343	
Q03NM0_POSITIVE_NO_SP_2	OTHER	0.177764	0.002128	0.007707	0.812401	
Q5M4H8_POSITIVE_NO_SP_2	OTHER	0.006351	0.000521	0.001844	0.991283	
A9VEV6_POSITIVE_NO_SP_2	OTHER	0.031858	0.000455	0.006349	0.961338	
B1YFV8_POSITIVE_NO_SP_2	OTHER	0.010159	0.003869	0.008582	0.977390	
Q9RMB5_POSITIVE_NO_SP_0	OTHER	0.076656	0.277592	0.003192	0.642561	
Q8R9C0_POSITIVE_NO_SP_2	OTHER	0.145093	0.014071	0.075410	0.765427	
O31533_POSITIVE_NO_SP_2	OTHER	0.024892	0.000427	0.013073	0.961608	
O31671_POSITIVE_NO_SP_1	OTHER	0.116243	0.001166	0.008621	0.873969	
O34757_POSITIVE_NO_SP_1	OTHER	0.001605	0.000144	0.049877	0.948374	
O34952_POSITIVE_NO_SP_2	OTHER	0.006130	0.000154	0.008586	0.985130	
O31539_POSITIVE_NO_SP_2	OTHER	0.001740	0.000189	0.004621	0.993451	
Q9X1B7_POSITIVE_NO_SP_2	OTHER	0.003524	0.000221	0.019147	0.977108	
P23545_POSITIVE_NO_SP_2	OTHER	0.256676	0.003096	0.086269	0.653959	
P35620_POSITIVE_NO_SP_2	OTHER	0.002490	0.000788	0.016563	0.980159	
P37475_POSITIVE_NO_SP_2	OTHER	0.002329	0.000233	0.000905	0.996533	
Q45614_POSITIVE_NO_SP_2	OTHER	0.200988	0.000531	0.008390	0.790091	
Q7A1I3_POSITIVE_NO_SP_2	OTHER	0.008585	0.000154	0.048829	0.942432	
Q7A2Q0_POSITIVE_NO_SP_1	OTHER	0.002547	0.000275	0.054745	0.942433	
Q7A3Q5_POSITIVE_NO_SP_2	OTHER	0.449986	0.001717	0.091224	0.457073	
Q9WZ49_POSITIVE_NO_SP_1	OTHER	0.093525	0.002040	0.008849	0.895585	
Q9X0M7_POSITIVE_NO_SP_2	OTHER	0.363906	0.016294	0.124965	0.494834	
P0A4Q0_POSITIVE_NO_SP_1	OTHER	0.059697	0.000959	0.020871	0.918473	
P50738_POSITIVE_NO_SP_2	OTHER	0.001165	0.000098	0.001089	0.997647	
A0A369NIV7_POSITIVE_TAT_2	TAT(Tat/SPI)	0.004522	0.995223	0.000148	0.000107	CS pos: 34-35. ALA-EE. Pr: 0.9807
I6XEI5_POSITIVE_TAT_1	TAT(Tat/SPI)	0.048970	0.941170	0.005307	0.004553	CS pos: 35-36. ASA-GS. Pr: 0.6051
P9WIB1_POSITIVE_TAT_0	TAT(Tat/SPI)	0.005839	0.993260	0.000383	0.000519	CS pos: 41-42. AYG-AG. Pr: 0.4598
P9WIB2_POSITIVE_TAT_0	TAT(Tat/SPI)	0.002813	0.996506	0.000245	0.000437	CS pos: 41-42. AYG-AG. Pr: 0.6028
P46911_POSITIVE_TAT_0	TAT(Tat/SPI)	0.046086	0.905981	0.002374	0.045559	CS pos: 36-37. RFA-LD. Pr: 0.7358
C8WLC6_POSITIVE_TAT_2	TAT(Tat/SPI)	0.004522	0.995223	0.000148	0.000107	CS pos: 34-35. ALA-EE. Pr: 0.9807
Q45657_POSITIVE_TAT_0	TAT(Tat/SPI)	0.038255	0.789714	0.005979	0.166051	CS pos: 37-38. RFA-FD. Pr: 0.5813
Q9RI72_POSITIVE_TAT_1	TAT(Tat/SPI)	0.016384	0.982414	0.000382	0.000820	CS pos: 49-50. AHA-AT. Pr: 0.9846
P0A5R9_POSITIVE_TAT_0	TAT(Tat/SPI)	0.001279	0.998042	0.000268	0.000411	CS pos: 39-40. AYG-AG. Pr: 0.5907
P9WM44_POSITIVE_TAT_2	TAT(Tat/SPI)	0.196112	0.802813	0.000747	0.000327	CS pos: 35-36. ANA-AD. Pr: 0.9547
P0A5E2_POSITIVE_TAT_2	TAT(Tat/SPI)	0.196112	0.802813	0.000747	0.000327	CS pos: 35-36. ANA-AD. Pr: 0.9547
P9WQP3_POSITIVE_TAT_1	TAT(Tat/SPI)	0.137075	0.837983	0.008355	0.016587	CS pos: 43-44. AGA-FS. Pr: 0.4209
P9WQP2_POSITIVE_TAT_1	TAT(Tat/SPI)	0.137075	0.837983	0.008355	0.016587	CS pos: 43-44. AGA-FS. Pr: 0.4209
